action,project_count,total_events,is_marketplace
docker/login-action,2960,16293,True
docker/build-push-action,2492,15352,True
docker/setup-buildx-action,2455,12763,True
docker/setup-qemu-action,2058,7959,True
softprops/action-gh-release,1714,3940,True
ruby/setup-ruby,1369,5780,True
shivammathur/setup-php,1338,8017,True
pypa/gh-action-pypi-publish,1334,4044,True
docker/metadata-action,1105,4216,True
peaceiris/actions-gh-pages,1098,1969,True
golangci/golangci-lint-action,1041,3575,True
jamesives/github-pages-deploy-action,779,2518,True
pnpm/action-setup,743,4926,True
goreleaser/goreleaser-action,616,3280,True
ncipollo/release-action,598,2143,True
microsoft/setup-msbuild,539,1603,True
gradle/gradle-build-action,511,4899,False
ad-m/github-push-action,453,964,True
aws-actions/configure-aws-credentials,451,3775,True
actions/deploy-pages,451,765,True
actions/upload-pages-artifact,440,710,True
svenstaro/upload-release-action,422,1418,True
ilammy/msvc-dev-cmd,412,1220,True
msys2/setup-msys2,410,811,True
release-drafter/release-drafter,379,1172,True
styfle/cancel-workflow-action,377,2908,True
actions/setup-ruby,366,1284,False
dorny/paths-filter,316,1166,True
dawidd6/action-download-artifact,305,1466,True
actions/configure-pages,284,453,True
subosito/flutter-action,276,2600,True
bahmutov/npm-install,275,1382,True
marvinpinto/action-automatic-releases,263,554,True
ramsey/composer-install,260,1531,True
amannn/action-semantic-pull-request,259,802,True
cypress-io/github-action,257,1264,True
peter-evans/repository-dispatch,248,761,True
cachix/install-nix-action,230,3239,True
tj-actions/changed-files,229,2969,True
azure/setup-helm,218,881,True
reactivecircus/android-emulator-runner,217,690,True
google-github-actions/setup-gcloud,208,1574,True
jurplel/install-qt-action,197,1259,True
aquasecurity/trivy-action,183,1201,True
nick-invision/retry,179,1367,True
tibdex/github-app-token,179,884,True
gaurav-nelson/github-action-markdown-link-check,176,396,True
sigstore/cosign-installer,173,1675,True
mxschmitt/action-tmate,165,723,True
js-devtools/npm-publish,157,368,True
nick-fields/retry,152,876,True
marocchino/sticky-pull-request-comment,150,387,True
erlef/setup-beam,150,509,True
fkirc/skip-duplicate-actions,148,626,True
helm/kind-action,141,880,True
webfactory/ssh-agent,137,487,True
crazy-max/ghaction-github-pages,134,353,True
dart-lang/setup-dart,132,3559,True
uraimo/run-on-arch-action,130,363,True
peter-evans/dockerhub-description,129,624,True
8398a7/action-slack,123,1045,True
elgohr/publish-docker-github-action,123,525,True
lukka/get-cmake,122,548,True
ludeeus/action-shellcheck,122,231,True
actions-rs/install,119,408,True
re-actors/alls-green,115,179,True
appleboy/ssh-action,113,584,True
geekyeggo/delete-artifact,107,369,True
peaceiris/actions-mdbook,107,200,True
cachix/cachix-action,105,860,True
hashicorp/setup-terraform,103,465,True
hecrj/setup-rust-action,101,617,True
mamba-org/provision-with-micromamba,98,642,True
benchmark-action/github-action-benchmark,96,221,True
aws-actions/amazon-ecr-login,96,427,False
seanmiddleditch/gha-setup-ninja,96,374,True
addnab/docker-run-action,95,340,True
lycheeverse/lychee-action,95,462,True
azure/login,93,532,True
vmactions/freebsd-vm,92,296,True
ahmadnassri/action-dependabot-auto-merge,90,195,True
lukka/run-vcpkg,89,542,True
benc-uk/workflow-dispatch,89,275,True
mymindstorm/setup-emsdk,88,235,True
browser-actions/setup-chrome,86,173,True
azure/docker-login,85,311,False
apple-actions/import-codesign-certs,85,229,True
helm/chart-testing-action,84,346,True
engineerd/setup-kind,83,389,True
satackey/action-docker-layer-caching,82,545,True
supercharge/mongodb-github-action,82,268,True
mshick/add-pr-comment,82,194,True
baptiste0928/cargo-install,81,438,True
erlef/setup-elixir,81,268,True
vedantmgoyal2009/winget-releaser,77,216,True
lewagon/wait-on-check-action,77,284,True
android-actions/setup-android,76,188,True
pascalgn/automerge-action,75,230,True
jakejarvis/s3-sync-action,73,235,True
crazy-max/ghaction-chocolatey,73,249,True
jlumbroso/free-disk-space,72,531,True
supercharge/redis-github-action,72,257,True
stefanzweifel/changelog-updater-action,72,93,True
helm/chart-releaser-action,72,181,True
wyrihaximus/github-action-get-previous-tag,69,153,True
shimataro/ssh-key-action,67,256,True
docker-practice/actions-setup-docker,66,393,True
jwlawson/actions-setup-cmake,66,476,True
ilshidur/action-discord,65,216,True
robinraju/release-downloader,63,202,True
martinbeentjes/npm-get-version-action,61,169,True
borales/actions-yarn,61,192,True
lukka/run-cmake,60,310,True
mhausenblas/mkdocs-deploy-gh-pages,60,117,True
stcarolas/setup-maven,58,359,True
peaceiris/actions-hugo,58,105,True
r0adkll/sign-android-release,58,185,True
browser-actions/setup-firefox,57,108,True
ammaraskar/sphinx-action,57,117,True
mattnotmitt/doxygen-action,56,115,True
azure/setup-kubectl,55,245,True
hacs/action,53,90,True
rlespinasse/github-slug-action,53,572,True
nanasess/setup-chromedriver,53,218,True
burrunan/gradle-cache-action,53,508,True
samuelmeuli/action-electron-builder,52,111,True
actions-ecosystem/action-regex-match,52,88,True
firebaseextended/action-hosting-deploy,52,129,True
jitterbit/get-changed-files,51,123,True
appleboy/scp-action,50,120,True
battila7/get-version-action,50,108,True
getsentry/action-release,50,155,True
montudor/action-zip,50,136,True
graalvm/setup-graalvm,50,163,True
google-github-actions/upload-cloud-storage,50,235,True
microsoft/playwright-github-action,49,191,True
joschi/setup-jdk,49,305,True
actions-rs/grcov,49,114,True
10up/action-wordpress-plugin-deploy,48,77,True
hadolint/hadolint-action,48,154,True
thedoctor0/zip-release,47,111,True
pozetroninc/github-action-get-latest-release,47,114,True
peter-evans/enable-pull-request-automerge,46,184,True
pat-s/always-upload-cache,46,208,True
dominikh/staticcheck-action,45,114,True
papeloto/action-zip,45,117,True
katyo/publish-crates,45,88,True
mikefarah/yq,44,481,True
pyo3/maturin-action,44,231,True
docker/bake-action,44,392,True
rokroskar/workflow-run-cleanup-action,43,271,True
deadsnakes/action,43,108,True
jetli/wasm-pack-action,43,275,True
dsaltares/fetch-gh-release-asset,42,158,True
c-hive/gha-yarn-cache,42,244,True
cpina/github-action-push-to-another-repository,41,161,True
dawidd6/action-homebrew-bump-formula,41,92,True
gr1n/setup-poetry,41,353,True
wearerequired/git-mirror-action,41,71,True
anothrnick/github-tag-action,40,144,True
anchore/scan-action,40,125,True
nrwl/nx-set-shas,40,155,True
tj-actions/branch-names,39,101,True
rickstaa/action-create-tag,39,86,True
shivammathur/cache-extensions,39,126,True
jacobtomlinson/gha-find-replace,39,122,True
azure/webapps-deploy,39,246,True
wangyoucao577/go-release-action,38,337,True
softprops/turnstyle,38,105,True
skx/github-action-publish-binaries,37,99,True
appleboy/telegram-action,37,118,True
coactions/setup-xvfb,36,53,True
mirromutth/mysql-action,36,68,True
ralfg/python-wheels-manylinux-build,36,184,True
r0adkll/upload-google-play,36,146,True
rhysd/github-action-benchmark,36,98,True
haaleo/publish-vscode-extension,36,77,True
actionshub/markdownlint,35,101,True
tibdex/backport,35,81,True
actions-js/push,35,82,True
mozilla-actions/sccache-action,35,202,True
schneegans/dynamic-badges-action,35,121,True
meedamian/github-release,34,78,True
redhat-actions/push-to-registry,34,139,True
s0/git-publish-subdir-action,34,62,True
xt0rted/pull-request-comment-branch,34,133,True
xresloader/upload-to-github-release,34,104,True
alexellis/upload-assets,34,108,True
textbook/git-checkout-submodule-action,34,103,True
stefanprodan/helm-gh-pages,33,83,True
isort/isort-action,33,48,True
warrenbuckley/setup-msbuild,33,86,True
wandalen/wretry.action,33,532,True
determinatesystems/nix-installer-action,33,158,True
samuelmeuli/action-maven-publish,32,61,True
manusa/actions-setup-minikube,32,459,True
errata-ai/vale-action,31,84,True
medyagh/setup-minikube,31,297,True
actionshub/yamllint,31,94,True
tj-actions/verify-changed-files,31,125,True
hashicorp/vault-action,30,280,True
jwalton/gh-docker-logs,30,103,True
actions/jekyll-build-pages,30,46,True
larsoner/circleci-artifacts-redirector-action,30,51,True
github-actions-x/commit,30,81,True
cloudflare/pages-action,29,48,True
jfrog/setup-jfrog-cli,29,124,True
fregante/setup-git-user,29,71,True
azure/cli,29,201,True
amondnet/vercel-action,29,126,True
fossas/fossa-action,29,78,True
bobheadxi/deployments,28,142,True
ilammy/setup-nasm,28,113,True
actionshub/chef-install,28,112,True
avto-dev/markdown-lint,28,56,True
maxheld83/ghpages,28,69,False
returntocorp/semgrep-action,28,55,False
simenb/github-actions-cpu-cores,27,100,True
nelonoel/branch-name,27,67,True
skjnldsv/read-package-engines-version-actions,26,288,True
treosh/lighthouse-ci-action,26,79,True
actionshub/test-kitchen,26,82,True
damianreeves/write-file-action,26,69,True
khan/pull-request-comment-trigger,26,59,True
redhat-actions/buildah-build,26,126,True
harmon758/postgresql-action,26,49,True
fjogeleit/http-request-action,26,90,True
devmasx/merge-branch,26,56,True
fnkr/github-action-ghr,26,77,True
eregon/publish-release,26,64,True
oprypin/find-latest-tag,25,45,True
jwalton/gh-find-current-pr,25,51,True
determinatesystems/magic-nix-cache-action,25,105,True
azure/static-web-apps-deploy,25,95,True
ros-tooling/setup-ros,25,317,True
toolmantim/release-drafter,24,138,True
szenius/set-timezone,24,58,True
easingthemes/ssh-deploy,24,78,True
dotnet/nbgv,24,100,True
christophwurst/xmllint-action,24,53,True
dmnemec/copy_file_to_another_repo_action,24,75,True
samkirkland/ftp-deploy-action,24,171,True
rojopolis/spellcheck-github-actions,24,131,True
jrubics/poetry-publish,24,72,True
google-github-actions/get-gke-credentials,24,105,True
actionshub/chef-delivery,24,69,True
anchore/sbom-action,23,98,True
pixta-dev/repository-mirroring-action,23,38,True
act10ns/slack,23,249,True
cloudflare/wrangler-action,23,96,True
endbug/version-check,23,94,True
fountainhead/action-wait-for-check,23,78,True
py-actions/flake8,23,41,True
hynek/build-and-inspect-python-package,22,57,True
joncloud/makensis-action,22,56,True
irongut/codecoveragesummary,22,33,True
10up/action-wordpress-plugin-asset-update,22,37,True
rui314/setup-mold,22,84,False
py-actions/py-dependency-install,22,85,True
notiz-dev/github-action-json-property,22,92,True
maierj/fastlane-action,22,117,True
n1hility/cancel-previous-runs,22,117,True
cross-platform-actions/action,22,144,True
burnett01/rsync-deployments,22,88,True
chartboost/ruff-action,21,25,False
php-actions/phpunit,21,59,True
mknejp/delete-release-assets,21,116,False
fossa-contrib/fossa-action,21,81,True
sergeysova/jq-action,21,55,True
oracle-actions/setup-java,21,48,True
lgeiger/black-action,21,36,True
fiam/arm-none-eabi-gcc,21,88,True
numworks/setup-msys2,20,47,False
convictional/trigger-workflow-and-wait,20,45,True
ashutoshvarma/setup-ninja,20,69,True
laminas/laminas-continuous-integration-action,20,159,True
garygrossgarten/github-action-scp,20,52,True
brandedoutcast/publish-nuget,20,95,True
julia-actions/setup-julia,20,110,True
akhilerm/tag-push-action,20,104,True
bazelbuild/setup-bazelisk,20,81,True
actionshub/kitchen-dokken,20,55,True
mukunku/tag-exists-action,20,51,True
seanmiddleditch/gha-setup-vsdevenv,19,45,True
niden/actions-memcached,19,27,True
shogo82148/actions-setup-perl,19,69,True
webfreak001/deploy-nightly,19,63,True
actions/delete-package-versions,19,58,True
game-ci/unity-builder,19,75,True
franzdiebold/github-env-vars-action,18,39,True
warrenbuckley/setup-nuget,18,45,True
yyx990803/release-tag,18,21,False
8bitjonny/gh-get-current-pr,18,26,True
chrnorm/deployment-action,18,37,True
davidb/rust-cargo-make,18,68,True
digitalocean/action-doctl,18,70,True
getong/mariadb-action,18,23,True
azure/k8s-set-context,18,50,True
benjlevesque/short-sha,18,58,True
mstachniuk/ci-skip,18,87,True
s4u/maven-settings-action,18,101,True
jaxxstorm/action-install-gh-release,18,864,True
imjasonh/setup-ko,18,172,True
akhileshns/heroku-deploy,18,47,True
metcalfc/changelog-generator,18,118,True
ko-build/setup-ko,18,37,True
k-paxian/dart-package-publisher,18,54,True
updatecli/updatecli-action,17,175,True
beemojs/conventional-pr-action,17,21,True
saucelabs/sauce-connect-action,17,81,True
rohith/publish-nuget,17,71,True
pguyot/arm-runner-action,17,39,True
s4u/setup-maven-action,17,86,True
markusjx/install-boost,17,62,True
isbang/compose-action,17,54,True
ilshidur/action-slack,17,60,True
jpribyl/action-docker-layer-caching,17,94,True
expo/expo-github-action,17,117,True
everlytic/branch-merge,17,50,True
delaguardo/setup-graalvm,17,62,True
christian-draeger/read-properties,17,47,True
gotesttools/gotestfmt-action,16,49,True
machulav/ec2-github-runner,16,119,True
arduino/compile-sketches,16,35,True
carlosperate/arm-none-eabi-gcc-action,16,49,True
vsoch/pull-request-action,16,43,True
brpaz/hadolint-action,16,38,False
jesusvasquez333/verify-pr-label-action,16,28,True
tvdias/github-tagger,16,28,True
crazy-max/ghaction-github-runtime,16,127,True
chetan/invalidate-cloudfront-action,16,42,True
xt0rted/slash-command-action,15,41,True
ankane/setup-mysql,15,22,False
phips28/gh-action-bump-version,15,27,True
redhat-actions/podman-login,15,32,True
autofix-ci/action,15,33,True
axel-op/dart-package-analyzer,15,66,True
sibz/github-status-action,15,234,False
w9jds/firebase-action,15,58,True
tim-actions/dco,15,22,True
jaywcjlove/changelog-generator,15,151,True
myci-actions/add-deb-repo,15,42,True
wyrihaximus/github-action-wait-for-status,15,56,True
game-ci/unity-test-runner,15,39,True
pascalgn/npm-publish-action,15,34,True
futureware-tech/simulator-action,15,51,True
boa-dev/criterion-compare-action,15,35,True
jimschubert/query-tag-action,14,27,True
karancode/yamllint-github-action,14,20,True
depot/setup-action,14,69,True
aio-libs/create-release,14,37,False
skjnldsv/block-fixup-merge-action,14,14,True
chrnorm/deployment-status,14,38,True
actions-rust-lang/rustfmt,14,17,True
cloudsmith-io/action,14,955,True
gabrielfalcao/pyenv-action,14,59,True
ricardochaves/python-lint,14,26,True
r7kamura/rubocop-problem-matchers-action,14,39,True
turtlebrowser/get-conan,14,62,True
sersoft-gmbh/xcodebuild-action,14,42,True
nikeee/docfx-action,14,46,True
lannonbr/vsce-action,13,57,True
automodality/action-clean,13,206,True
insonusk/get-latest-release,13,24,True
aws-actions/amazon-ecs-deploy-task-definition,13,64,True
bilelmoussaoui/flatpak-github-actions,13,28,True
ksxgithub/github-actions-deploy-aur,13,48,True
aws-actions/aws-codebuild-run-build,13,31,True
olafurpg/setup-scala,13,77,True
1466587594/get-current-time,13,22,True
superfly/flyctl-actions,13,26,True
codfish/semantic-release-action,13,40,True
container-tools/kind-action,13,28,True
syphar/restore-virtualenv,13,141,True
depot/build-push-action,13,67,True
nanasess/setup-php,13,60,True
myrotvorets/set-commit-status-action,13,190,True
azure/k8s-deploy,13,126,True
yanglbme/gitee-pages-action,12,26,True
matteoh2o1999/setup-python,12,25,True
mr-smithers-excellent/docker-build-push,12,44,True
mstksg/get-package,12,52,True
browser-actions/setup-geckodriver,12,34,True
salsify/action-detect-and-tag-new-version,12,21,True
distributhor/workflow-webhook,12,39,True
aws-actions/amazon-ecs-render-task-definition,12,65,True
rust-build/rust-build.action,12,24,True
potiuk/get-workflow-origin,12,33,True
vmactions/openbsd-vm,12,31,True
devops-infra/action-commit-push,12,23,True
sqren/backport-github-action,12,26,True
svenstaro/upx-action,12,40,False
suo/flake8-github-action,12,16,True
azohra/shell-linter,12,27,True
tim-actions/commit-message-checker-with-regex,12,31,True
jaywcjlove/create-tag-action,12,76,True
jetli/wasm-bindgen-action,12,30,True
jenkey2011/vuepress-deploy,12,20,True
zeebe-io/backport-action,12,91,True
marceloprado/has-changed-path,11,35,True
gottox/irc-message-action,11,73,True
archive/github-actions-slack,11,28,True
crazy-max/ghaction-dump-context,11,71,True
crazy-max/ghaction-github-status,11,31,True
manyuanrong/setup-ossutil,11,35,True
magefile/mage-action,11,73,True
helaili/jekyll-action,11,17,False
alirezanet/publish-nuget,11,40,True
tjenkinson/gh-action-auto-merge-dependency-updates,11,40,True
kiegroup/github-action-build-chain,11,129,True
jsdaniell/create-json,11,42,True
thomaseizinger/keep-a-changelog-new-release,11,25,True
mad9000/actions-find-and-replace-string,11,35,True
nolar/setup-k3d-k3s,11,60,True
casperdcl/deploy-pypi,11,21,True
c-hive/gha-npm-cache,11,65,True
devcontainers/ci,11,27,True
shallwefootball/s3-upload-action,11,26,True
ridedott/dependabot-auto-merge-action,11,23,False
ros-tooling/action-ros-ci,11,63,True
frenck/action-yamllint,11,44,True
whoan/docker-build-with-cache-action,11,44,True
oleksiyrudenko/gha-git-credentials,11,42,True
php-actions/phpstan,11,19,True
darrenjennings/algolia-docsearch-action,11,20,True
mvasigh/dispatch-action,11,41,True
crazy-max/ghaction-upx,11,21,True
mattallty/jest-github-action,10,24,True
ashutoshvarma/action-cmake-build,10,102,True
azure/pipelines,10,21,True
jreleaser/release-action,10,46,True
jpetrucciani/mypy-check,10,18,True
wzieba/firebase-distribution-github-action,10,31,True
haya14busa/action-workflow_run-status,10,27,True
leafo/gh-actions-lua,10,40,True
aminya/setup-cpp,10,34,True
josstorer/get-current-time,10,16,True
diddlesnaps/snapcraft-multiarch-action,10,32,True
xarray-contrib/issue-from-pytest-log,10,19,True
jirutka/setup-alpine,10,14,True
saionaro/extract-package-version,10,44,True
devops-infra/action-pull-request,10,23,True
cargo-bins/release-pr,10,14,True
vmactions/netbsd-vm,10,23,True
debianmaster/actions-k3s,10,48,True
absaoss/k3d-action,10,89,True
pre-commit-ci/lite-action,10,15,True
bsfishy/meson-build,10,105,True
axel-op/googlejavaformat-action,10,25,True
sphinx-notes/pages,10,25,True
requarks/changelog-action,9,13,True
vlaurin/action-ghcr-prune,9,17,True
jakepartusch/wait-for-netlify-action,9,20,True
dokku/github-action,9,17,True
spicypizza/create-envfile,9,17,True
eine/setup-msys2,9,20,True
brettcannon/check-for-changed-files,9,25,True
swiftdocorg/github-wiki-publish-action,9,19,True
crazy-max/ghaction-xgo,9,23,True
imranismail/setup-kustomize,9,55,True
trmcnvn/chrome-addon,9,16,True
tubone24/update_release,9,42,True
ibnesayeed/setup-ipfs,9,20,True
tclindner/sentry-releases-action,9,23,True
google-github-actions/get-secretmanager-secrets,9,61,True
syphar/restore-pip-download-cache,9,76,True
xampprocky/get-github-release,9,20,True
shopify/upload-to-release,9,31,True
shalzz/zola-deploy-action,9,21,True
snok/container-retention-policy,9,26,True
denoland/deployctl,9,19,True
potiuk/cancel-workflow-runs,9,13,True
azure/container-scan,9,21,False
geertvdc/setup-hub,9,30,True
negz/create-tag,9,12,True
nixbuild/nix-quick-install-action,9,50,True
arduino/arduino-lint-action,8,8,True
mikehardy/buildcache-action,8,209,True
tailscale/github-action,8,25,True
matlab-actions/setup-matlab,8,14,True
jackmckew/pyinstaller-action-windows,8,22,True
tretuna/sync-branches,8,16,True
jsmrcaga/action-netlify-deploy,8,34,True
leafo/gh-actions-luarocks,8,21,True
julienkode/pull-request-name-linter-action,8,19,True
trufflesecurity/trufflehog,8,122,True
joerick/pr-labels-action,8,27,True
jossef/action-set-json-field,8,15,True
trstringer/manual-approval,8,14,True
trmcnvn/firefox-addon,8,19,True
nejczdovc/comment-pr,8,15,True
andrew-chen-wang/github-wiki-action,8,12,True
carloscastrojumo/github-cherry-pick-action,8,21,True
reedyuk/npm-version,8,26,True
butlerlogic/action-autotag,8,20,True
r7kamura/rust-problem-matchers,8,114,True
p3terx/ssh2actions,8,61,True
posthog/check-package-version,8,57,True
suzuki-shunsuke/github-action-renovate-config-validator,8,15,True
bobankh/add-contributors,8,16,True
moonrepo/setup-rust,8,99,True
game-ci/unity-request-activation-file,8,8,True
benjefferies/branch-protection-bot,8,39,True
readmeio/rdme,8,37,True
rossjrw/pr-preview-action,8,18,True
snow-actions/tweet,8,19,True
srt32/git-actions,8,21,True
jetli/trunk-action,8,25,True
xalvarez/prevent-file-change-action,7,15,True
canonical/setup-lxd,7,25,False
getsentry/paths-filter,7,54,False
shrink/actions-docker-extract,7,257,True
songmu/tagpr,7,9,True
arminjo/arduino-test-compile,7,44,True
supabase/setup-cli,7,14,True
andstor/file-reader-action,7,15,True
cake-build/cake-action,7,25,True
mikepenz/action-gh-release,7,7,False
christian-korneck/update-container-description-action,7,11,True
contentful/dependabot-auto-merge,7,14,False
betahuhn/repo-file-sync-action,7,20,True
fifsky/ssh-action,7,16,True
dawidd6/action-ansible-playbook,7,32,True
pulumi/actions,7,87,True
guyarb/golang-test-annotations,7,32,True
frenck/action-addon-linter,7,55,True
futuratrepadeira/changed-files,7,26,True
afc163/surge-preview,7,13,True
mansona/npm-lockfile-version,7,12,True
jpetrucciani/black-check,7,12,True
commitizen-tools/commitizen-action,7,26,True
jossef/action-latest-release-info,7,21,True
jakejarvis/cloudflare-purge-action,7,13,True
xarray-contrib/ci-trigger,7,32,True
fleskesvor/create-release,7,10,False
iterative/setup-cml,7,21,True
xom9ikk/dotenv,7,72,True
vmactions/solaris-vm,7,33,True
chetan/git-restore-mtime-action,7,24,True
abhinavsingh/setup-bazel,7,42,True
pyvista/setup-headless-display-action,7,14,True
legion2/download-release-action,7,32,True
azure/aks-set-context,7,21,True
loopwerk/tag-changelog,7,51,True
engineerd/configurator,7,30,True
casperwa/push-protected,7,10,True
dswistowski/surge-sh-action,7,16,True
rez0n/actions-github-release,7,15,True
jvalkeal/setup-maven,7,47,False
ikalnytskyi/action-setup-postgres,7,10,True
itskarma/aws-cli,6,12,True
1password/load-secrets-action,6,76,True
slashmo/install-swift,6,16,True
denvercoder1/doxygen-github-pages-action,6,13,True
johnwbyrd/update-release,6,20,True
jimschubert/labeler-action,6,10,True
bots-house/ghcr-delete-image-action,6,12,True
xu-cheng/latex-action,6,7,True
cecilapp/github-pages-deploy,6,9,True
ouuan/install-qt-action,6,32,False
google-github-actions/deploy-cloudrun,6,20,True
majorscruffy/delete-old-workflow-runs,6,11,True
excitedleigh/setup-nox,6,24,True
paulhatch/semantic-version,6,35,True
noelware/docker-manifest-action,6,65,True
perl-actions/install-with-cpanm,6,15,True
withastro/action,6,7,True
patrickedqvist/wait-for-vercel-preview,6,15,True
browser-actions/setup-edge,6,9,True
elgohr/github-release-action,6,11,True
aliyun/acr-login,6,34,True
delaguardo/setup-clojure,6,18,True
ducksoft/extract-7z-action,6,14,True
aarnott/nbgv,6,17,True
grantbirki/json-yaml-validate,6,23,True
huaxk/postgis-action,6,11,True
redhat-actions/openshift-tools-installer,6,13,True
azjezz/setup-hhvm,6,12,True
actionsdesk/lfs-warning,6,14,True
author/action-rollback,6,11,True
newrelic/repolinter-action,6,8,True
dawidd6/action-publish-gem,6,8,True
steebchen/kubectl,6,24,True
get-woke/woke-action,6,9,True
robotology/gh-action-nightly-merge,6,34,True
apple-actions/download-provisioning-profiles,6,11,True
yizhoumo/setup-ossutil,6,24,True
gaurav0/backport,6,16,True
hpi-swa/setup-smalltalkci,6,9,True
kpritam/slack-job-status-action,6,19,True
svanboxel/gitlab-mirror-and-ci-action,6,11,True
coactions/dynamic-matrix,6,6,False
espressif/esp-idf-ci-action,6,8,True
aormsby/fork-sync-with-upstream-action,6,9,True
garronej/action-gh-release,6,19,False
felixmosh/turborepo-gh-artifacts,6,20,True
ishworkh/docker-image-artifact-upload,6,13,True
gacts/github-slug,6,23,True
arduino/report-size-deltas,6,9,True
chocobo1/setup-ccache-action,6,32,True
ilharp/sign-android-release,6,15,True
earthly/actions-setup,6,63,True
joshuathemiller/conditional-build-matrix,5,20,True
jupyterhub/action-k3s-helm,5,19,True
skjnldsv/parse-command-comment,5,14,True
skx/github-action-build,5,11,True
go-semantic-release/action,5,7,True
google-github-actions/deploy-appengine,5,17,True
mnao305/chrome-extension-upload,5,17,True
mobile-dev-inc/action-maestro-cloud,5,41,True
wzieba/appcenter-github-action,5,25,True
zentered/vercel-preview-url,5,12,True
antongolub/action-setup-bun,5,14,True
glennawatson/setup-msbuild,5,16,False
shufo/auto-assign-reviewer-by-files,5,10,True
rollbar/github-deploy-action,5,24,True
sclorg/build-and-push-action,5,16,True
douglascamata/setup-docker-macos-action,5,17,True
stefanoeb/jest-action,5,13,True
crazy-max/ghaction-setup-docker,5,21,True
anishathalye/proof-html,5,9,True
crazy-max/ghaction-setup-containerd,5,9,True
akryum/release-tag,5,14,True
yuri6037/action-faketty,5,16,True
get-woke/woke-action-reviewdog,5,7,True
aig787/cargo-udeps-action,5,9,True
apache/skywalking-infra-e2e,5,59,True
samin/mysql-action,5,8,True
ryansiu1995/kubebuilder-action,5,23,True
smartsquaregmbh/delete-old-packages,5,9,True
workflow/nix-shell-action,5,11,True
charmixer/auto-changelog-action,5,22,True
wyrihaximus/github-action-helm3,5,20,True
gleam-lang/setup-erlang,5,22,True
reitermarkus/rerun-workflow,5,62,True
repo-sync/github-sync,5,5,True
einaregilsson/beanstalk-deploy,5,35,True
crazy-max/ghaction-docker-login,5,23,True
aws-actions/setup-sam,5,16,True
azure/functions-action,5,39,True
aquiladev/ipfs-action,5,10,True
christian-draeger/increment-semantic-version,5,10,True
transifex/cli-action,5,7,True
klemensas/action-autotag,5,11,True
bluefireteam/melos-action,5,80,True
greut/eclint-action,5,6,True
whatnick/wait-action,5,6,True
unfor19/install-aws-cli-action,5,13,True
untitaker/hyperlink,5,9,True
c-py/action-dotenv-to-setenv,5,63,True
leahlundqvist/get-release,5,31,True
edgarrc/action-7z,5,26,True
asadmansr/android-test-report-action,5,9,True
ayltai/setup-graalvm,5,21,True
ecampidoglio/cake-action,5,11,True
wangchucheng/git-repo-sync,5,13,True
falti/dotenv-action,5,99,True
fabiocaccamo/create-matrix-action,5,11,True
pilosus/action-pip-license-checker,5,8,True
pkgdeps/git-tag-action,5,10,True
garygrossgarten/github-action-ssh,5,7,True
actions-ecosystem/action-bump-semver,5,12,False
matlab-actions/run-command,5,28,True
actions-hub/docker,5,12,True
espressif/upload-components-ci-action,5,5,True
enriikke/gatsby-gh-pages-action,5,12,True
per1234/artistic-style-action,5,27,True
horochx/deploy-via-scp,5,10,True
alexwilson/enable-github-automerge-action,5,9,True
pendect/action-rsyncer,5,21,True
exuanbo/actions-deploy-gist,5,15,True
onyxmueller/build-tag-number,5,10,True
openzim/docker-publish-action,5,19,True
ocaml/setup-ocaml,5,18,True
whywaita/setup-lxd,5,21,True
yokawasa/action-setup-kube-tools,5,12,True
gacts/gitleaks,5,7,True
wlixcc/sftp-deploy-action,5,10,True
betahuhn/do-spaces-action,5,18,True
appleboy/discord-action,5,20,True
urlstechie/urlchecker-action,5,12,True
coditory/changelog-parser,5,7,True
jpetrucciani/bandit-check,4,5,True
jitterbit/await-check-suites,4,7,True
jiro4989/build-deb-action,4,9,True
joshua-ashton/arch-mingw-github-action,4,51,True
wjdp/htmltest-action,4,5,True
chabad360/htmlproofer,4,10,True
cedrickring/golang-action,4,28,True
jerray/publish-docker-action,4,20,True
jenkins-zh/git-backup-actions,4,12,True
xotl/cool-github-releases,4,8,True
balena-io/deploy-to-balena-action,4,34,True
frankdejonge/use-github-token,4,6,True
octopusdeploy/install-octopus-cli-action,4,11,True
opspresso/action-docker,4,29,True
opsgang/ga-setup-minikube,4,11,True
ouzi-dev/commit-status-updater,4,47,True
oskarstark/phpstan-ga,4,10,True
oskarstark/php-cs-fixer-ga,4,10,True
fjogeleit/yaml-update-action,4,9,True
oxidize-rb/cross-gem-action,4,13,True
aevea/action-kaniko,4,20,True
adrise/update-pr-branch,4,8,True
mackerelio/create-release-action,4,4,False
haya14busa/action-update-semver,4,9,True
manusa/actions-setup-openshift,4,21,True
phulsechinmay/rewritable-pr-comment,4,32,True
plasmohq/bpp,4,5,True
plasmo-corp/bpp,4,7,True
orf/cargo-bloat-action,4,7,True
ndeloof/install-compose-action,4,12,True
fwilhe2/setup-kotlin,4,5,True
nowsprinting/check-version-format-action,4,8,True
bewuethr/shellcheck-action,4,8,True
hatsunemiku3939/direnv-action,4,17,True
hapakaien/archlinux-package-action,4,8,True
mathieusoysal/javadoc-publisher.yml,4,7,True
purcell/setup-emacs,4,7,True
prince-chrismc/label-merge-conflicts-action,4,8,True
actions-hub/kubectl,4,8,True
luchihoratiu/debug-via-ssh,4,9,True
lucasmotta/pull-request-sticky-header,4,24,True
lucacome/draft-release,4,17,True
algolia/algoliasearch-crawler-github-actions,4,7,True
ktibow/ha-blueprint,4,7,True
azure/arm-deploy,4,55,True
r0wi/nextcloud-appstore-push-action,4,8,True
esp-rs/xtensa-toolchain,4,32,True
swiftwasm/swiftwasm-action,4,28,True
grafana/k6-action,4,21,False
mdecoleman/pr-branch-name,4,7,True
vmactions/dragonflybsd-vm,4,5,True
vishnudxb/cancel-workflow,4,8,True
vegardit/fast-apt-mirror.sh,4,14,True
tiryoh/actions-mkdocs,4,8,True
tinact/docker.image-retag,4,24,True
codespell-project/codespell-problem-matcher,4,5,True
kewisch/action-web-ext,4,8,True
kuhnroyal/flutter-fvm-config-action,4,108,True
themrmilchmann/setup-msvc-dev,4,6,True
tj-actions/renovate-config-validator,4,5,True
reugn/github-action-aerospike,4,10,True
actions/setup-haskell,4,20,False
rickstaa/action-black,4,7,True
ros-tooling/action-ros-lint,4,46,True
minorusekine/setup-scoop,4,8,True
tanaka-takayoshi/nuget-publish-to-github-packages-action,4,11,True
tencentcloud/cos-action,4,53,True
culturehq/actions-yarn,4,17,True
crazy-max/ghaction-docker-buildx-bake,4,23,True
newrelic/deployment-marker-action,4,31,True
roang-zero1/github-upload-release-artifacts-action,4,9,True
aws-actions/aws-cloudformation-github-deploy,4,11,True
aurornz/paths-filter,4,16,False
jwlawson/actions-setup-bazel,4,10,True
ilteoood/docker_buildx,4,15,True
iansu/codecov-action-node,4,10,True
knicknic/os-specific-run,4,8,True
crazy-max/ghaction-container-scan,4,10,True
cqlabs/setup-dcm,4,8,True
coursier/cache-action,4,7,True
superchargejs/mongodb-github-action,4,7,True
ankane/setup-mariadb,4,8,False
mxcl/xcodebuild,4,8,True
mtanzi/action-automerge,4,7,True
mrsquaare/ssh-setup-action,4,13,True
j12934/helm-gh-pages-action,4,8,True
rymndhng/release-on-push-action,4,8,True
dlang-community/setup-dlang,4,8,True
sebastiaanz/github-status-embed-for-discord,4,12,True
scribemd/rootless-docker,4,8,True
sclorg/testing-farm-as-github-action,4,16,True
roryprimrose/set-vs-sdk-project-version,4,6,True
signcl/docsearch-scraper-action,4,5,True
deryeger/yarn-setup-action,4,24,True
jupyterhub/action-k8s-namespace-report,4,4,True
tyktechnologies/packagecloud-action,4,21,True
clementtsang/cargo-action,4,38,True
ghdl/setup-ghdl-ci,4,10,False
anton-yurchenko/git-release,4,9,True
zkqiang/tencent-cos-action,4,8,True
xampprocky/create-release,4,11,False
yuya-takeyama/docker-tag-from-github-ref-action,4,17,True
1arp/create-a-file-action,4,7,True
willcaul/jest-github-action,3,13,True
jayqi/failed-build-issue-action,3,8,True
jbolda/create-release,3,6,False
xuanwo/sccache-action,3,8,False
ishworkh/docker-image-artifact-download,3,18,True
zdurham/s3-upload-github-action,3,18,True
xampprocky/deploy-mdbook,3,6,True
94dreamer/create-report,3,3,False
yockow/action-setup-swift,3,10,True
gavv/pull-request-artifacts,3,7,True
mosteo-actions/docker-run,3,5,True
mozgiii/install-ldid-action,3,7,True
golift/upload-packagecloud,3,8,True
andstor/copycat-action,3,5,True
miurahr/install-linuxdeploy-action,3,5,True
mobiledevops/xcode-select-version-action,3,4,True
game-ci/steam-deploy,3,5,True
browniebroke/read-nvmrc-action,3,22,True
n8maninger/action-golang-test,3,5,True
namoshek/mosquitto-github-action,3,5,True
mstksg/setup-stack,3,10,True
stateful/vscode-server-action,3,5,True
stefanprodan/kube-tools,3,5,True
bobankh/auto-generate-changelog,3,8,True
cutenode/action-always-fail,3,5,True
cosmology-tech/starship-action,3,6,True
matlab-actions/run-tests,3,9,True
abbbi/github-actions-tune,3,6,True
abdes/gha-setup-ninja,3,5,False
chizkiyahu/delete-untagged-ghcr-action,3,3,True
chkfung/android-version-actions,3,8,True
swatinem/fucov,3,6,True
danielchabr/pr-labels-checker,3,7,True
ghostoy/dingtalk-action,3,7,True
glassechidna/artifact-cleaner,3,8,True
maxnowack/local-cache,3,7,False
mb2dev/github-action-comment-pull-request,3,8,True
masesgroup/retrieve-changed-files,3,4,True
mainmatter/continue-on-error-comment,3,3,True
octopusdeploy/push-package-action,3,11,True
nk-o/action-wordpress-plugin-deploy,3,3,True
nkoppel/push-files-to-another-repository,3,6,True
nhevia/discord-styled-releases,3,6,True
frenck/action-home-assistant,3,8,True
naveenrajm7/rpmbuild,3,24,True
nearform-actions/github-action-notify-release,3,3,True
octopusdeploy/create-release-action,3,15,True
franzbischoff/replace_envs,3,7,True
lumaxis/shellcheck-problem-matchers,3,6,True
haythem/public-ip,3,12,True
amondnet/now-deployment,3,6,True
macauley/action-homebrew-bump-cask,3,6,True
macbre/push-to-ghcr,3,3,True
alessbell/pull-request-comment-branch,3,5,True
alex-page/blazing-fast-gh-pages-deploy,3,7,True
andelf/nightly-release,3,3,True
highwaythree/jira-upload-deployment-info,3,8,True
hirnidrin/free-disk-space,3,4,False
passiverecords/chrome-extension-upload-action,3,4,True
filipstefansson/uuid-action,3,18,True
pangzineng/github-action-one-click-docker,3,26,True
pantheon-systems/phpcompatibility-action,3,5,True
etils-actions/pypi-auto-publish,3,5,True
pcysl5edgo/create-unitypackage,3,9,True
home-assistant/builder,3,83,True
lost-pixel/lost-pixel,3,10,True
lovasoa/setup-emscripten,3,11,True
lovasoa/upload-release-asset,3,14,False
limjh16/jekyll-action-ts,3,4,True
huacnlee/autocorrect-action,3,10,True
zwaldowski/semver-release-action,3,10,False
davelosert/vitest-coverage-report-action,3,3,True
stevesandersonms/ghaction-rewrite-base-href,3,8,True
stoat-dev/stoat-action,3,42,True
actions-ecosystem/action-get-merged-pull-request,3,5,True
actions-ecosystem/action-release-label,3,7,True
asfernandes/delete-release-assets,3,32,False
edplato/trufflehog-actions-scan,3,6,True
redocly/repo-file-sync-action,3,6,False
azure/powershell,3,19,True
emergetools/emerge-upload-action,3,16,True
azure/appservice-settings,3,9,True
localazy/download,3,5,True
localazy/upload,3,3,True
kohlerdominik/docker-run-action,3,42,True
codepunkt/npm-lockfile-changes,3,4,True
tonyhallett/artifacts-url-comments,3,4,True
tj-actions/glob,3,18,True
buildpulse/buildpulse-action,3,11,True
umani/changed-files,3,5,True
up9cloud/action-rsync,3,6,True
upsidr/merge-gatekeeper,3,8,True
re-actors/checkout-python-sdist,3,14,True
bwoodsend/setup-winlibs-action,3,7,True
acifani/setup-tinygo,3,3,True
actions-x/commit,3,13,True
dciborow/action-github-releases,3,8,True
couscousphp/github-action,3,5,True
ignusg/jest-report-action,3,15,True
k-phoen/semver-release-action,3,5,True
k3rnels-actions/pr-update,3,6,True
rrainn/dynamodb-action,3,13,True
at-wat/bloom-release-action,3,5,True
aws-actions/aws-secretsmanager-get-secrets,3,14,True
e1himself/goss-installation-action,3,6,True
ruzickap/action-my-broken-link-checker,3,5,True
roang-zero1/github-create-release-action,3,4,True
eficode/resolve-pr-refs,3,3,True
scottbrenner/cfn-lint-action,3,7,True
seanmiddleditch/gha-publish-to-git,3,6,True
ryanwinter/arm-none-eabi-gcc,3,12,True
s3-actions/s3cmd,3,10,True
saadmk11/changelog-ci,3,10,True
kaliber5/action-get-release,3,9,True
jtdor/build-deb-action,3,3,True
jacobtomlinson/gha-anaconda-package-version,3,6,True
yosyshq/setup-oss-cad-suite,3,4,True
cargo-bins/release-meta,3,4,True
tsunematsu21/actions-publish-gh-pages,3,11,True
julia-actions/cache,3,8,True
joshua-ashton/gcc-problem-matcher,3,7,True
snow-actions/sparse-checkout,3,8,True
skjolber/maven-cache-github-action,3,17,True
dineshsonachalam/markdown-autodocs,3,7,True
difegue/action-megacmd,3,12,True
shioyang/check-pr-labels-on-push-action,3,5,True
bpicode/github-action-upload-bintray,3,7,True
isaacrlevin/windows-store-action,3,6,True
isaacrlevin/winget-publish-action,3,6,True
ciiiii/toml-editor,3,6,True
jnanadarshan/mkdocs-build-action,3,9,True
jnwng/github-app-installation-token-action,3,3,True
its404/get-flutter-version,3,5,True
int128/docker-manifest-create-action,3,6,True
caphyon/advinst-github-action,3,9,True
cardinalby/webext-buildtools-chrome-crx-action,3,4,True
zgosalvez/github-actions-analyze-dart,3,4,True
zhaobozhen/apk-info-action,3,6,True
avsm/setup-ocaml,3,23,True
94dreamer/auto-release,3,3,False
candlecorp/wick-push-action,2,8,True
yanamura/ios-bump-version,2,2,True
yshui/git-clang-format-lint,2,14,True
2m/arch-pkgbuild-builder,2,11,True
wyvox/action,2,10,True
ydataai/create-tag,2,4,True
jbouter/aur-releaser,2,5,True
cda-tum/setup-z3,2,2,True
chaitanyapotti/cloudfront-update-distribution,2,6,True
chanzuckerberg/github-app-token,2,9,False
check-run-reporter/action,2,8,True
wyrihaximus/github-action-composer-php-versions-in-range,2,3,True
abel0b/setup-premake,2,10,True
codacy/git-version,2,3,True
acrobat/subtree-splitter,2,7,True
weareyipyip/walking-tag-action,2,6,True
web3-storage/add-to-web3,2,8,True
webbertakken/unity-builder,2,5,True
webbertakken/unity-test-runner,2,4,True
vvvv/publishvlnuget,2,6,True
isbang/setup-awscli,2,11,True
jetbrains/writerside-github-action,2,3,True
wahyd4/kubectl-helm-action,2,6,True
viperproject/check-license-header,2,5,True
vishnudxb/redis-cluster,2,7,True
vitalyliber/dokku-github-action,2,3,True
vmware-labs/vmware-image-builder-action,2,24,True
casperdcl/push-dir,2,2,True
cclauss/find-python-syntax-errors-action,2,2,True
buildkite/trigger-pipeline-action,2,4,True
bump-sh/github-action,2,2,True
clupprich/ruby-build-action,2,4,True
vaultvulp/gp-docker-action,2,5,True
vendoo/gha-cherry-pick,2,4,True
unicornglobal/spellcheck-github-actions,2,4,True
bpicode/github-action-fpm,2,4,True
betahuhn/deploy-to-vercel-action,2,14,True
jimschubert/delete-artifacts-action,2,2,True
jiro4989/build-rpm-action,2,2,True
jcofman/vscodeaction,2,6,True
jdcargile/ms-teams-notification,2,2,True
jeffreytse/jekyll-deploy-action,2,7,True
commitsar-app/release-notary,2,5,True
circleci-public/trigger-circleci-pipeline-action,2,7,True
typoci/spellcheck-action,2,2,False
udoprog/github-release,2,12,False
trass3r/setup-cpp,2,5,True
arnested/go-version-action,2,34,True
artis3n/ansible_galaxy_collection,2,3,True
codeinwp/merge-branch,2,12,False
tomchv/wait-my-workflow,2,6,True
tony84727/changed-file-filter,2,30,True
tonybogdanov/zip,2,3,True
jetpack-io/devbox-install-action,2,10,True
jimcronqvist/action-ssh,2,4,True
bodinsamuel/renovate-automatic-branch,2,2,True
boundfoxstudios/action-xcode-select,2,4,True
boundfoxstudios/action-xcode-staple,2,2,True
tlaster/android-sign,2,13,True
tim-actions/commit-body-check,2,2,True
timbod7/setup-stack,2,16,False
culturehq/actions-bundler,2,4,True
artursouza/sticky-pull-request-comment,2,33,False
test-room-7/action-publish-release-drafts,2,6,True
synergy-au/download-workflow-artifacts-action,2,2,True
synopsys-sig/intelligent-security-scan,2,4,True
systemd/mkosi,2,125,True
int128/datadog-actions-metrics,2,2,True
inti-cmnb/kibot,2,14,True
iotaledger/gh-tangle-release,2,4,True
ipfs-shipyard/ipfs-github-action,2,7,False
jonasalfredsson/docker-on-tmpfs,2,12,True
swinton/commit,2,4,True
sylwit/install-b2-cli-action,2,3,True
strumwolf/delete-deployment-environment,2,2,True
danabear/code-sign-action,2,3,True
danielmundi/upload-packagecloud,2,4,True
danielr1996/envsubst-action,2,6,True
crazy-max/ghaction-goreleaser,2,4,True
dashanji/kubernetes-log-export-action,2,27,True
stephanebour/actions-php-lint,2,3,True
stevenbenitez/get-package-version-action,2,5,True
ssciwr/setup-mesa-dist-win,2,2,True
actions-go/push,2,2,True
space-wizards/submodule-dependency,2,15,True
juarezr/firebirdsql-github-action,2,4,True
jupyterhub/action-k8s-await-workloads,2,6,True
jupyterhub/action-major-minor-tag-calculator,2,11,True
joutvhu/get-release,2,3,True
sqlalchemyorg/upload-release-assets,2,10,False
srt32/uptime,2,3,True
snok/latest-python-versions,2,4,True
sondreb/action-release,2,5,False
sonots/slack-notice-action,2,2,True
slashgear/action-check-pr-title,2,2,True
digitalocean/app_action,2,5,True
deliverybot/deployment-status,2,5,True
deliverybot/helm,2,5,True
deryeger/pnpm-setup-action,2,17,True
kai-tub/external-repo-sync-action,2,2,True
iroachie/slack-github-actions,2,5,True
irongut/editrelease,2,2,True
influxdata/influxdb-action,2,3,True
insightsengineering/disk-space-reclaimer,2,13,True
sibiraj-s/action-eslint,2,4,True
appleboy/gh-pages-action,2,4,True
devscyu/conventional-changelog-action,2,8,True
di-sukharev/opencommit,2,2,True
didstopia/swiftaction,2,4,True
sinoru/actions-setup-swift,2,4,True
serverless/github-action,2,5,True
sflscientific/spellcheck-github-actions,2,2,True
shallwefootball/upload-s3-action,2,2,True
shaman123/gha-populate-form-version,2,3,True
shanegenschaw/pull-request-comment-trigger,2,5,True
scribemd/docker-cache,2,4,True
sdepold/github-action-get-latest-release,2,3,False
kciter/aws-ecr-action,2,3,True
keep-network/npm-version-bump,2,12,False
keithweaver/aws-s3-github-action,2,5,True
kevin-david/zipalign-sign-android-release,2,5,True
jwalton/gh-ecr-push,2,3,True
k0kubun/action-slack,2,26,False
dovyski/payload-info-action,2,5,True
rtcamp/action-wordpress-org-plugin-deploy,2,2,False
at-wat/catkin-release-action,2,4,True
at-wat/setup-gh-pr-comment,2,4,True
attest/annotations-action,2,3,True
rubenesp87/semver-validation-action,2,4,True
ruby/action-slack,2,98,False
runforesight/workflow-telemetry-action,2,6,True
imciner2/run-lcov,2,3,True
kaste/upgrade-messages-test-action,2,2,True
robertdebock/galaxy-action,2,4,True
dreamcodeio/does-pr-has-label,2,4,True
ros-tooling/action-cloudwatch-metrics,2,14,True
rickstaa/empty-issues-closer-action,2,15,True
riskledger/update-pr-description,2,2,True
reznikmm/upload-bintray-action,2,4,True
remorses/pypi,2,7,True
raviqqe/enable-homebrew,2,26,True
redhat-actions/oc-installer,2,2,True
c2corg/browserslist-update-action,2,5,True
camargo/delete-untagged-action,2,2,True
camptocamp/backport-action,2,2,True
brechtm/setup-scoop,2,4,False
britannio/action-install-flutter,2,10,True
edunad/actions-image,2,6,True
redhat-actions/oc-login,2,2,True
redhat-actions/s2i-build,2,18,True
redpanda-data/github-action,2,10,True
labring/gh-rebot,2,12,True
khan/pull-request-workflow-cancel,2,6,True
emilienm/devstack-action,2,155,True
emulator-wtf/run-tests,2,19,True
endel/npm-publish-action,2,3,False
endre-spotlab/fast-forward-js-action,2,2,True
ec-/action-automatic-releases,2,4,False
edlanglois/pkgbuild-action,2,3,True
ashmaroli/release-gem,2,2,False
qcastel/github-actions-maven-release,2,5,True
popsiclestick/gist-sync-action,2,4,True
erlangpack/github-action,2,4,True
estroz/rerun-actions,2,3,True
elco/setup-vault,2,8,True
embano1/wip,2,6,True
picosh/pgs-action,2,4,True
lando/notarize-action,2,2,True
larryjoelane/delete-release-action,2,4,True
lauchacarro/azure-storage-action,2,2,True
komodoplatform/run-vcpkg,2,36,False
pheel/path-watcher-action,2,84,True
philss/rustler-precompiled-action,2,8,True
aevea/release-notary,2,5,True
ewels/rich-codex,2,2,True
fabernovel/github-changelog-generator-action,2,4,True
enricomi/download-buildkite-artifact-action,2,17,True
paulloz/godot-action,2,16,False
peerxu/upload-asset,2,10,True
adlerhsieh/prepare-release,2,6,True
adriangl/check-new-commits-action,2,3,True
liri-infra/qmllint-action,2,3,True
little-core-labs/install-terraform,2,10,True
adriweb/xcode-notarize-please,2,5,True
aenterprise/rsync-deploy,2,4,True
fish-actions/install-fish,2,7,True
packagrio/action-bumpr-go,2,4,True
packagrio/action-publishr-go,2,6,True
packagrio/action-releasr-go,2,4,True
pact-foundation/release-gem,2,10,False
paneron/action-electron-builder,2,2,True
pantheon-systems/validate-readme-spacing,2,2,True
otto-de/purge-deprecated-workflow-runs,2,6,True
openziti/ziti-mattermost-action-py,2,2,True
nyurik/action-setup-postgis,2,4,True
gacts/install-dnscontrol,2,3,True
flipperdevices/flipperzero-ufbt-action,2,6,True
forensicmike/pyinstaller-action-windows,2,4,False
okteto/context,2,4,True
ludeeus/setup-homeassistant,2,2,True
okteto/destroy-preview,2,2,True
olabiniv2/matrix-message,2,2,True
nnhy/redis-github-action,2,5,True
nuitka/nuitka-action,2,4,True
nunit/docfx-action,2,3,False
nijel/rabbitmq-action,2,2,True
niklaslehnfeld/flutter-version-number-action,2,2,True
nasamin/trx-parser,2,5,True
bluehorndigital/setup-drupal,2,8,True
myalbum/purge-cache,2,3,True
myci-actions/export-env-var-powershell,2,2,True
beerpiss/procursus-action,2,3,True
benoitchantre/setup-ssh-authentication-action,2,4,True
azure/k8s-bake,2,97,True
azure/k8s-create-secret,2,13,True
highwaythree/jira-extract-issue-keys,2,7,True
highwaythree/jira-upload-build-info,2,5,True
hkusu/apk-info-action,2,6,True
hkusu/review-assign-action,2,3,True
getstream/verify-semantic-changelog-update,2,5,True
gagoar/invoke-aws-lambda,2,4,True
myrotvorets/trigger-repository-dispatch-action,2,11,True
msimerson/node-lts-versions,2,7,True
mushus/golangci-linter,2,6,True
ai/asdf-cache-action,2,12,True
aiidateam/github-action-benchmark,2,4,False
airvzxf/cache-anything-new-action,2,5,True
heinrichreimer/action-github-changelog-generator,2,2,True
guillaumefalourd/git-commit-push,2,4,True
machine-learning-apps/actions-chatops,2,16,True
machine-learning-apps/pr-comment,2,6,True
antifree/json-to-variables,2,20,True
gautamkrishnar/keepalive-workflow,2,2,False
albin-johansson/download-sdl2,2,3,True
mobilefirstllc/cws-publish,2,2,True
modmuss50/xvfb-action,2,2,False
monkeywie/create-release,2,8,False
moonrepo/run-report-action,2,2,True
moonrepo/tool-version-action,2,2,True
miragenet/unity-runner,2,10,True
mizuka-wu/gitee-pages-action,2,4,True
michaelhenry/deploy-to-cocoapods-github-action,2,4,True
michaelw90/php-lint,2,4,True
microsoft/ps-rule,2,19,True
microsoft/setup-msstore-cli,2,3,True
balena-io/balena-ci,2,9,True
battila7/jdk-via-jabba,2,4,True
mchehab/upload-release-asset,2,4,False
mdgreenwald/mozilla-sops-action,2,28,True
matrix-org/setup-python-poetry,2,15,False
gotson/pull-request-comment-branch,2,3,False
mattes/cached-docker-build-action,2,15,True
maxdesiatov/swift-windows-action,2,5,True
marcdomain/set-variables,2,8,True
marcofaggian/action-download-multiple-artifacts,2,17,True
marvinpinto/action-inject-ssm-secrets,2,123,True
masa-iwasaki/setup-rbenv,2,6,True
maidsafe/pr_size_checker,2,6,True
gustl22/flutter-action,2,22,False
guyarb/golang-test-annoations,2,8,True
hands-lab/dockle-action,2,4,True
hashicorp-contrib/setup-packer,2,25,True
google-github-actions/deploy-cloud-functions,2,11,True
bewuethr/yamllint-action,2,6,True
blackducksoftware/github-action,2,4,False
balchua/microk8s-actions,2,21,True
cardinalby/webext-buildtools-pack-extension-dir-action,2,4,True
cargo-bins/cargo-binstall,2,12,True
avocaddo/appcenter-github-action,2,6,True
xt0rted/dotnet-format,2,4,True
xt0rted/dotnet-tool-restore,2,3,True
yc-actions/yc-github-runner,2,26,True
8vim/json-yaml-validate,2,2,False
xpol/setup-lua,2,4,True
withoutpants/github-release,2,2,False
wizhi/setup-buf,2,4,True
yayuyokitano/firefox-addon,2,5,True
74th/workflow-permission-action,1,1,True
chickensoft-games/setup-godot,1,2,True
willgarcia/workflow-wait-action,1,2,True
action-pack/gitlab-sync,1,1,True
xsavikx/artifact-exists-action,1,2,True
xotabu4/selenoid-github-action,1,1,True
xgreenx/publish-crates,1,2,False
ydah/mdformat-action,1,1,True
280780363/sqlserver-action,1,2,True
123flo321/github-docker-temp,1,8,True
0x022b/galaxy-role-import-action,1,2,True
030/dive-action,1,1,False
xwings/sync-repo-action,1,1,False
awhitford/maven-settings-action,1,5,False
jaumann/github-bumpversion-action,1,2,True
javajawa/remote-docker-tag,1,3,True
jaxxstorm/action-docker-build,1,21,False
jayamanikharyono/jinja-action,1,4,True
jchen1/wait-for-green,1,1,True
ivanbakel/submodule-dependency,1,3,True
ivangabriele/find-and-replace-pull-request-body,1,5,True
izumin5210/action-homebrew-tap,1,2,True
jaapio/keelsh-deploy,1,6,True
jackbilestech/semver-compare,1,1,True
jackyzha0/hugo-obsidian,1,22,True
yanguoyu/pull-request-comment-branch,1,2,False
chux0519/go-release-action,1,1,True
ci010/upload-release-asset,1,2,False
ciaochaos/tencent-cos-action,1,1,False
certainlach/create-matrix-action,1,19,False
guerra24/upload-to-release,1,2,True
ghe-actions/dockerfile-validator,1,4,True
giuliorossetti/conda-package-publish-action,1,2,True
mauroalderete/action-assign-labels,1,1,True
maxgfr/github-commit-push-file,1,1,True
maxkomarychev/pr-updater-action,1,2,True
maxymvlasov/dive-action,1,2,True
marcodallasanta/ssh-scp-deploy,1,1,True
mariotaku/raspbian-sysroot-action,1,1,True
marocchino/setup-ecs-cli,1,2,True
marocchino/setup-terraform,1,2,True
masscodeio/release-tag,1,1,False
matheusvanzan/sshpass-action,1,1,True
mathze/workflow-dispatch-action,1,2,True
maikebing/influxdb-action,1,2,True
bevry-actions/surge,1,1,True
mbround18/auto,1,5,True
mbround18/setup-osxcross,1,4,True
mcczarny/upload-image,1,29,True
mchangrh/s3cmd-sync,1,1,True
mckanpolat/auto-semver-action,1,9,True
meatlink/action-gh-release,1,3,False
megastep/shell-linter,1,2,False
mer-team/rabbitmq-mng-action,1,1,True
metalbear-co/sccache-action,1,26,True
mg-smartrent/github-actions-maven-release,1,2,True
matootie/github-docker,1,2,True
matrix-org/github-action-benchmark,1,1,False
grassedge/git-pr-release-action,1,1,True
green-coding-berlin/eco-ci-energy-estimation,1,1,True
gregoranders/nodejs-project-info,1,3,True
guardsquare/appsweep-action,1,1,True
makeshift/generate-dependabot-glob-action,1,1,True
malept/github-action-gh-pages,1,1,True
mamezou-tech/setup-helmfile,1,2,True
manusa/actions-publish-docker,1,3,True
maork-elementor/json-to-variables,1,4,False
allenai/beaker-action,1,2,True
luxtorpeda-dev/build-number,1,4,False
luxtorpeda-dev/create-release,1,2,False
luxtorpeda-dev/upload-release-asset,1,2,False
lvyufeng/action-kaggle-gpu-test,1,1,True
lxfu1/surge-preview,1,1,True
lyricwulf/abc,1,4,True
microsoft/store-submission,1,1,True
minchao/setup-go-swagger,1,5,True
mindojo/get-latest-release,1,2,False
minish144/delete-untagged-action,1,2,True
andrewiggins/download-base-artifact,1,16,True
miragenet/setup-docfx,1,2,False
mirrorcult/rsidiffbot,1,2,True
mirrornetworking/unity-runner,1,9,False
miyataka/elasticsearch-github-actions,1,1,True
mkramb/yarn-action,1,4,True
mkungla/actions-set-text-output,1,1,True
mmontes11/diff-porcelain,1,1,True
mobiledevops/secret-to-file-action,1,1,True
mhanberg/gigalixir-action,1,2,True
mhiew/redoc-lint-github-action,1,1,True
micronaut-projects/push-docker-gcr,1,2,False
microsoft/action-publish-symbols,1,6,True
microsoft/publish-dev-container-features-action,1,1,False
batista/lint-filenames,1,1,True
bayssmekanique/action-simple-file-upload,1,2,True
georgemac/mage-action,1,6,False
mondeja/strip-gh-theme-links,1,8,True
morishiri/block-merge-commits-action,1,3,True
motrixapp/action-electron-builder,1,1,True
moy2010/meilisearch-github-action,1,1,True
mozilla/action-automatic-releases,1,2,False
mozilla/sccache-action,1,1,True
mpflutter/cos-action,1,1,False
gnomock/github-action,1,1,True
go-feature-flag/gofeatureflag-lint-action,1,1,True
golemfactory/build-deb-action,1,1,False
goobwabber/download-beatmods-deps,1,9,True
goodsmileduck/helm-push-action,1,3,True
ggriffiths/github-cherry-pick-action,1,6,False
ghalactic/github-release-from-tag,1,2,True
andrevalentin/get-branch-name-by-pr,1,1,True
m3ntorship/action-dockerhub-cleanup,1,2,True
maael/confirm-checks-action,1,2,True
hectorj2f/cosign-installer,1,2,False
allenai/beaker-run-action,1,3,True
allenai/setup-beaker,1,2,True
altinukshini/deployment-action,1,2,True
altinukshini/deployment-status,1,3,True
ambientlight/amplify-cli-action,1,2,True
amirisback/bundletool-action-apk,1,2,True
guillaumefalourd/pull-request-action,1,2,True
luisboto/ngrok-tunnel-action,1,1,True
albin-johansson/download-sdl2-ttf,1,1,True
anton-4/deploy-nightly,1,7,False
anton-latukha/test-haskell-nixpkgs-integration-action,1,1,True
genesissam/get-simple-file-action,1,1,True
geofffranks/upload-asset,1,2,False
gacts/is-stargazer,1,1,True
gacts/setup-go-with-cache,1,4,True
gacts/setup-node-with-cache,1,2,True
nagata-yoshiteru/deploy-to-dropbox,1,3,True
albin-johansson/download-sdl2-image,1,1,True
albin-johansson/download-sdl2-mixer,1,1,True
mtsmachado8/heroku-deploy,1,3,True
mudlet/xmlstarlet-action,1,1,True
muhamedzeema/appgallery-deply-action,1,3,True
muinmomin/webhook-action,1,1,True
mrchief/universal-changelog-action,1,3,True
mrluje/vs-marketplace-publisher,1,2,True
ahartikainen/python-wheels-manylinux-build,1,2,False
ahmadnassri/action-semantic-release,1,42,True
ahsanayaz/angular-deploy-gh-pages-actions,1,2,True
airvzxf/ftp-deployment-action,1,4,True
algo-ryth-mix/sphinx-action,1,1,False
andreaangiolillo/atlas-cli-github-action,1,2,False
andreacomo/maven-gav-extractor,1,2,True
hharnisc/wait-for-netlify-action,1,2,True
hkdobrev/minio-deploy-action,1,2,True
hkusu/status-create-action,1,2,True
holochain/nix-cache-check,1,1,True
houseabsolute/actions-rust-cross,1,1,True
mydea/action-wait-for-api,1,1,True
mydea/ember-cli-code-coverage-action,1,1,True
getsentry/action-visual-snapshot,1,48,False
getsentry/action-wait-for-check,1,2,False
getsidetrack/action-xcodeproj-spm-update,1,2,True
gfreezy/upload-release-asset,1,4,False
gacts/install-geth-tools,1,1,True
gacts/install-hurl,1,2,True
nexusphp/no-merge-commits,1,1,True
myci-actions/add-pacman-repo,1,2,True
myci-actions/append-to-path-windows,1,2,True
myci-actions/checkout,1,10,True
myci-actions/export-env-var,1,7,True
bcomnes/deploy-to-neocities,1,2,True
bearer/bearer-action,1,1,True
benday-inc/set-property-value-in-appsettings,1,3,True
benwoo1110/dbo-upload-action,1,4,True
autero1/action-terragrunt,1,3,True
azure/k8s-lint,1,5,True
myci-actions/publish-nuget,1,1,True
alekitto/grcov,1,1,True
alexandermelde/yapf-action,1,4,True
alexjurkiewicz/setup-ccache,1,14,True
alexrogalskiy/github-action-git-operation,1,2,True
nickgronow/kubectl,1,1,True
nikitalita/action-gh-release,1,1,False
niklasei/wasm-opt-action,1,4,True
niravpatel27/gh-action-spdx-sbom-generator,1,5,True
nitz/publish-nuget,1,12,False
nathanvaughn/actions-cloudflare-purge,1,1,True
nature40/pimod,1,1,True
browserstack/github-actions,1,1,True
brunoofarias-dev/redis-cluster-github-action,1,2,True
bryannice/gitactions-slack-notification,1,2,True
bubbleprod/discord-webhook-notify,1,15,True
blinkov/docs-release-action,1,2,False
game-ci/unity-activate,1,5,True
nebularg/actions-luacheck,1,1,True
nerixyz/ccache-action,1,1,False
newrelic/junit-reporter-action,1,4,True
noelware/setup-protoc,1,4,True
noobly314/deploy-with-scp,1,2,True
notcoffee418/s3-zip-upload,1,4,True
numworks/setup-emscripten,1,5,False
nf-core/setup-nextflow,1,6,True
ngduc/vercel-deploy-action,1,3,True
ngeri/prepare-signing,1,2,True
nginxinc/aws-marketplace-publish,1,4,True
nick-zh/composer,1,2,True
gandarez/changelog-action,1,2,True
gandarez/check-pr-body-action,1,3,True
frouioui/paths-filter,1,120,False
fuellabs/action-fuel-toolchain,1,7,True
fwcd/swift-docc-action,1,2,True
fylein/python-pytest-github-action,1,6,False
g4s8/gitlint-action,1,2,True
loop3d/conda-publish-action,1,4,True
louisbrunner/diff-action,1,10,True
lpenz/ghaction-packagecloud,1,2,True
lra/setup-kubeval,1,1,True
ls-lint/action,1,14,True
lucasmelin/setup-waypoint,1,1,True
lekterable/branchlint-action,1,3,True
leroy-merlin-br/action-s3-cache,1,1,True
lgeiger/pyflakes-action,1,1,True
lin-jun-xiang/action-translate-readme,1,1,True
linuxsuren/yaml-readme,1,3,True
okteto/deploy-preview,1,1,True
olafurpg/setup-gpg,1,3,True
oleksis/pyinstaller-manylinux,1,8,True
nizarmah/auto-minify,1,2,True
nodegui/create-release,1,1,False
oraad/get-tags-action,1,2,True
oracle-actions/run-oci-cli-command,1,2,True
florg1/github-version-action,1,2,False
flox/install-flox-action,1,3,True
flying-sheep/check,1,1,True
fortinbra/raspberrypipicobuild,1,1,True
frankdejonge/use-ssh-agent,1,2,True
frankie567/grafana-annotation-action,1,2,True
federacy/scan-action,1,5,True
oduminstitute/sphinx-action,1,1,False
oi-wiki/latex-action,1,1,False
ok-nick/setup-aftman,1,6,True
aliyun/ack-set-context,1,6,True
aljazeeraplus/amazon-appstore-action,1,3,True
loekd/github-tag-action,1,2,False
lokkju/github-action-sbt,1,2,True
orcid/version-bump-action,1,5,False
orhankupusoglu/code-sign-action,1,1,False
orta/lighthouse-ci-action,1,2,False
ortega2247/pypi-upload-action,1,3,True
ory/build-buf-action,1,1,True
ospfranco/gh-jester,1,1,True
outillage/kaniko-action,1,3,True
ouuan/pkgbuild-action,1,3,True
owncloud-ci/git-clang-format-lint,1,1,False
onaips/secrets-to-env-action,1,2,True
onlyutkarsh/patch-files-action,1,2,True
openziti/ziti-webhook-action,1,1,True
operator-framework/rerun-actions,1,1,False
oppia/get-github-app-token,1,1,False
oprypin/install-crystal,1,1,True
opspresso/action-release,1,2,True
filips123/action-gh-release,1,4,False
firebuild/firebuild-action,1,8,True
firehed/multistage-docker-build-action,1,2,True
fischerscode/tagger,1,6,True
fish-actions/littlecheck,1,2,True
fleekhq/action-deploy,1,3,True
fleetdm/fleet-mdm-gitops,1,6,False
everpcpc/actions-cache,1,2,True
everpcpc/elasticsearch-action,1,6,True
everphone-gmbh/cancel-previous-workflows,1,2,True
pablolec/pypi-github-sync,1,3,True
pajlada/create-release,1,5,False
paloaltonetworks/prisma-cloud-scan,1,1,True
paolobrasolin/ctan-submit-action,1,1,True
paramt/url-checker,1,2,True
orcid/changelog-action,1,1,False
hs1r1us/release-aio,1,2,True
huang195/actions-install-istio,1,1,True
hummeltech/freebsd-vagrant-action,1,1,True
hyoo-ru/mam_build,1,16,True
hyper-tuner/ini-upload-action,1,1,True
hypfer/upload-release-asset,1,2,False
hywan/upload-release-asset,1,5,False
iamnotaturtle/auto-gofmt,1,2,True
iamsauravsharma/create-dotenv,1,4,True
iamssen/couchdb-github-action,1,2,True
ianbelcher/eks-kubectl-action,1,1,True
lkiesow/configure-s3cmd,1,1,True
adrianjost/actions-surge.sh-teardown,1,3,True
advancedcsg-open/actions-rush,1,4,True
aesedepece/create-release,1,2,False
ferluisxd/create-npmrc,1,2,True
erg-lang/setup-erg,1,1,True
ericcornelissen/git-tag-annotation-action,1,1,False
agherzan/git-mirror-me-action,1,4,True
agilepathway/label-checker,1,12,True
agnostiqhq/conda-skeleton-publish,1,1,False
agyemanjp/ci-checks-action,1,2,True
paulritter/yaml-schema-validator,1,4,True
pavelzw/pytest-action,1,1,True
pchynoweth/action-get-npm-version,1,2,True
peter-murray/reset-workspace-ownership-action,1,1,True
passeidireto/trigger-external-workflow-action,1,1,True
patricejiang/paths-filter,1,1,False
patzick/action-get-comment-url,1,1,True
adityagarg8/remove-unwanted-software,1,4,True
imgcook/cancel-workflow-action,1,2,False
hpcc-systems/skip-duplicate-actions,1,14,False
pluralsh/chart-releaser,1,4,True
peternied/discerning-merger,1,1,True
peternied/find-triggering-pr,1,1,True
petronny/git-config-user,1,1,False
phalanks/envtest-action,1,2,True
phil-opp/rust-problem-matchers,1,14,False
philips-software/app-token-action,1,1,True
php-actions/phpcs,1,1,True
php-actions/phpmd,1,1,True
phpdocumentor/phar-ga,1,6,True
extractions/setup-mdbook,1,2,True
f-actions/font-bakery,1,1,True
fabacab/jekyll-builder-for-github-pages-action,1,2,True
fabriciobastian/download-release-asset-action,1,1,True
fdelmazo/node-to-gh-action,1,2,True
enricomarino/actions,1,2,False
layer5io/helm-chart-releaser,1,5,True
layer5io/meshery-smp-action,1,2,True
layer5labs/meshmap-snapshot,1,3,True
lbphacker/create-release,1,1,False
lbphacker/upload-release-asset,1,1,False
lcdsmao/update-branch,1,2,True
koslib/helm-eks-action,1,1,True
ksm2/archive-action,1,2,True
pipe-cd/actions-event-register,1,2,True
pipe-cd/actions-gh-release,1,3,True
pivotalsoftware/s3-sync-action,1,3,False
pl-strflt/rust-sccache-action,1,2,True
planetarium/github-action-benchmark,1,2,False
plasmo-corp/download-release-asset,1,2,True
platisd/bad-commit-message-blocker,1,2,True
pluralkit/dotnet-format,1,1,False
porter-dev/porter-cli-action,1,3,True
posthog/posthog-annotate-merges-github-action,1,2,True
premid/changed-files,1,4,False
ericpre/sphinx-action,1,3,False
ethereumremix/sol-test,1,3,True
ethers-io/sync-s3-action,1,1,False
elgohr/github-hub-action,1,2,True
elskom/build-dotnet,1,2,True
elskom/publish-nuget,1,2,False
embraser01/update-git-branch-action,1,2,True
prince-chrismc/check-actor-permissions-action,1,2,True
piotrpawlaczek/python-blacken,1,2,True
lando/pkg-action,1,2,True
lando/prepare-release-action,1,10,True
langroodi/doxygenize,1,2,True
layer5io/getnighthawk,1,1,True
probablyup/wait-for-netlify-action,1,3,True
proffan/repository-dispatch,1,1,False
project-stacker/stacker-build-push-action,1,5,True
projectsira/download-sira-stripped,1,2,True
prompt/actions-commit-hash,1,4,True
psi-4ward/algolia-docsearch-action,1,1,False
push-based/user-flow-gh-action,1,17,True
pxgamer/composer-action,1,2,True
pybuilder/build,1,4,True
pluralsh/setup-plural,1,11,True
pmacik/github-cherry-pick-action,1,4,False
pmmp/setup-php-action,1,50,True
pmorelli92/github-container-registry-build-push,1,2,True
poad/github-pull-request-auto-merge-enable-action,1,4,True
ponylang-main/repository-dispatch,1,10,False
ponylang-main/ssh-action,1,1,False
engahmeds3ed/create-json-url,1,3,True
ebbflow-io/cargo-deb-armv7-debian,1,6,True
ebbflow-io/cargo-rpm-amd64-fedora,1,3,True
ebbflow-io/cargo-rpm-amd64-opensuseleap,1,3,True
azure/sql-action,1,5,True
backspace/ember-test-audit-comparison-action,1,4,True
baijunyao/action-slack-notify,1,4,True
bakunyo/git-pr-release-action,1,3,True
balazsorban44/repo-file-sync-action,1,1,False
asfernandes/changelog-generator,1,2,False
r7kamura/redocly-problem-matchers,1,1,True
rafarlopes/get-latest-pre-release-tag-action,1,2,True
rafikfarhad/push-to-gcr-github-action,1,1,True
rainforestapp/github-action,1,1,True
ralexander-phi/marp-action,1,2,True
raven-actions/bot-details,1,2,True
labring/robot,1,1,True
labring/sealos-action,1,14,True
labsn/sound-ci-helpers,1,2,True
kevinrohn/github-full-release-data,1,3,True
kfir4444/free-disk-space,1,1,False
kibertoad/wait-action,1,2,True
kiegroup/git-backporting,1,4,True
kielabokkie/ssh-key-and-known-hosts-action,1,2,True
kikimoragames/itch-publish,1,2,True
kindaninja/retag-image-ghcr,1,2,True
qmk/setup-msys2,1,2,False
quick-lint/action-zip,1,3,False
quick-lint/sftp-upload,1,70,False
quickwit-inc/upload-to-github-release,1,27,False
qzb/standard-version-action,1,3,True
emilgoldsmith/wait-for-workflows-to-succeed,1,2,True
releasehub-com/github-action-create-pr-parent-submodule,1,2,True
reloc8/action-latest-release-version,1,2,True
renanmav/match-label-action,1,2,True
renefritze/github-action-markdown-link-check,1,1,False
rez0n/create-dns-record,1,6,True
rayandrews/with-opencv-action,1,1,True
redhat-actions/crda,1,1,True
cachyos/pkgbuild-action,1,2,False
brndnmtthws/rust-action,1,3,True
brndnmtthws/rust-action-cargo-binstall,1,2,True
brndnmtthws/rust-action-rustup,1,6,True
reecetech/version-increment,1,2,True
ktomk/run-travis-yml,1,1,True
kumarabd/trigger-remote-action,1,4,True
kurocha/setup-cpp,1,2,True
lablup/sparse-checkout,1,3,False
risc0/actions-bazelisk,1,3,False
risc0/cargo-install,1,8,False
riskledger/generate-changelog,1,2,True
riznob/packer-build-action,1,2,True
rlalik/setup-cpp-compiler,1,2,True
rlaphoenix/install-vapoursynth-action,1,2,False
rlespinasse/shortify-git-revision,1,6,True
rnkdsh/action-upload-diawi,1,6,True
rgarcia-phi/json-to-variables,1,3,True
rhaschke/docker-run-action,1,3,False
rickstaa/action-contains-tag,1,2,True
actions/setup-gitversion,1,2,False
reedyuk/read-properties,1,1,True
reggionick/s3-deploy,1,1,True
reitzig/actions-asciidoctor,1,2,True
rekgrpth/github-repository-dispatch-shell-action,1,1,True
romoh/dependencies-autoupdate,1,2,True
rory-z/upload-release-asset,1,5,False
edvn0/setup-vulkan-sdk,1,1,True
egmacke/action-check-label,1,3,True
egor-tensin/build-boost,1,6,True
egordm/gha-yarn-node-cache,1,1,True
dovyski/setup-opencv-action,1,1,True
dream-encode/upload-release-asset-node16,1,2,True
drskunk/gp-docker-action,1,2,True
drusellers/publish-nuget,1,32,False
dtinth/setup-github-actions-caching-for-turbo,1,6,True
duderman/rubocop-annotate-action,1,4,True
adam7/platformsh-cli-action,1,10,True
rickstaa/action-get-semver,1,1,True
ricky-hao/action-release,1,2,False
rinx/setup-k3d,1,28,True
dysnix/find-latest-tag,1,1,False
earwig/python-wheels-manylinux-build,1,4,False
appleboy/gitlab-ci-action,1,1,True
appleboy/jenkins-action,1,1,True
appleboy/lambda-action,1,14,True
appthreat/cdxgen-action,1,4,True
dmagine/get-latest-release,1,1,False
docker/login,1,2,False
dolthub/pull-request-comment-branch,1,3,False
dolthub/pull-request-comment-trigger,1,7,False
russorat/influxdb-action,1,4,True
rutajdash/prettier-cli-action,1,5,True
rwe/actions-hlint-run,1,3,True
roblox/rhysd-github-action-benchmark,1,6,False
rogermparent/action-set-json-field,1,3,False
rollyperes/base64-to-path,1,1,True
kitek/decode-base64-into-file-action,1,2,True
koenrh/dnscontrol-action,1,1,True
install-pinned/reorder_python_imports,1,6,False
install-pinned/setuptools,1,3,False
install-pinned/tox,1,8,False
iarekylew00t/crane-installer,1,1,True
ibexa/changelog-generator-action,1,2,False
iceflowre/gitcc,1,1,True
icemap/tidb-action,1,1,True
ihiroky/archive-action,1,2,True
ikuradon/deploy-preview,1,1,False
karliss/get-release,1,3,False
karniv00l/platformio-run-action,1,1,True
kbst/goreleaser-action,1,5,False
dwhswenson/conda-rc-check,1,2,True
dylan700/sftp-upload-action,1,3,True
schrodinger-hat/youtube-to-anchorfm,1,19,True
rwe/actions-hlint-setup,1,2,True
rxfork/npm-publish,1,2,False
ryanwinter/rx-elf-gcc,1,2,True
s-weigand/trigger-mybinder-build,1,1,True
sagebind/docker-swarm-deploy-action,1,2,True
sagikazarmark/setup-please-action,1,5,True
sahil-io/release-upload-sftp,1,4,True
ros-tooling/action-ros2-ci,1,2,True
ros-tooling/action-ros2-lint,1,8,True
rotki/action-gh-release,1,4,False
atymic/deployer-php-action,1,2,True
aufdenpunkt/python-safety-check,1,1,True
auguwu/clippy-action,1,4,True
aws-actions/aws-codebuild-run-project,1,2,True
awvwgk/setup-fortran,1,3,True
discordjs/action-eslint,1,2,False
djn24/add-asset-to-release,1,1,True
djp3/puppeteer-headful,1,2,True
dkershner6/aws-ssm-getparameters-action,1,1,True
dkershner6/reaction-action,1,5,True
dlech/arm-none-eabi-gcc,1,13,False
apalchys/deployment-action,1,1,False
sammcoe/get-previous-release-action,1,3,True
samuelcolvin/list-python-dependencies,1,1,True
sand4rt/ftp-deployer,1,3,True
sap/project-piper-action,1,13,True
saulmaldonado/skip-workflow,1,4,True
saulonunesdev/lerna-get-version-action,1,4,True
saviq/workflow-dispatch,1,1,False
sbrunner/backport-action,1,2,True
schoofskelvin/event-utilities,1,2,True
kefranabg/s3-sync-action,1,1,True
keithnull/tencent-cloud-cdn-purge-cache,1,2,True
kengotoda/actions-setup-docker-compose,1,2,True
kevin-david/promote-play-release,1,1,True
kevinpainchaud/simple-ftp-deploy-action,1,2,True
justjake/setup-emscripten,1,2,False
jwsi/submodule-checkout,1,3,True
jzweifel/gatsby-cli-github-action,1,2,True
sebastianpopp/ftp-action,1,3,True
secbyte/dotnet-sonarscanner,1,4,True
selenehyun/gh-push,1,1,True
self-actuated/hub-mirror,1,1,True
sergeysova/docker-publish-action,1,4,True
dorshinar/get-deployment-url,1,2,True
diplodoc-platform/docs-build-action,1,1,True
diplodoc-platform/docs-release-action,1,3,True
dflook/terraform-fmt-check,1,1,True
dflook/terraform-plan,1,2,True
dflook/terraform-validate,1,1,True
dfm/force-push-branch-action,1,2,True
dfreilich/pack-action,1,8,True
digicert/ssm-code-signing,1,1,False
sergiusens/action-publish,1,2,False
sethcohen/github-releases-to-discord,1,1,True
seyfsv/setup-mqclient,1,7,True
shadowmoose/gha-compare-pypi,1,2,True
shadowmoose/github-release-data-action,1,4,True
shawnbot/action-status,1,3,False
scratchaddons/changed-files,1,1,False
seanmonstar/github-action-benchmark,1,1,False
kceb/git-message-action,1,4,True
kceb/pull-request-url-action,1,4,True
k1low/setup-tbls,1,1,True
kagekirin/get-csproj-version,1,1,True
jsm174/unity-test-runner,1,2,False
irrational-encoding-wizardry/install-vapoursynth-action,1,5,True
isaaclambat/golang-test-annotations,1,4,False
informaticsmatters/trigger-ci-action,1,1,True
infraway/create-dns-record,1,2,True
infraway/delete-dns-record,1,3,True
insightsengineering/pip-action,1,1,True
install-pinned/autoflake,1,8,False
install-pinned/black,1,16,False
silinternational/ecs-deploy,1,5,False
silvxlabs/conda-skeleton-publish,1,1,True
simeg/urlsup-action,1,1,True
sinedied/publish-devto,1,1,True
appleboy/git-push-action,1,2,True
sormuras/bach-build,1,7,True
soumyamahunt/github-tag-action,1,2,False
sksat/action-clippy,1,2,True
skx/github-action-tester,1,2,True
skymatic/semver-validation-action,1,10,True
smacke/submodule-checkout,1,5,False
smapiot/publish-pilet-action,1,2,True
derrickmehaffy/vercel-preview-url,1,4,False
desaintmartin/helm-kubeval-action,1,3,True
descriptinc/python-format-action,1,1,False
devops-actions/action-get-tag,1,1,True
dawidd6/action-git-user-config,1,2,True
smorimoto/tune-github-hosted-runner-network,1,4,True
shlinkio/deploy-preview-action,1,3,True
shopify/github-deployment-action,1,1,False
sibiraj-s/action-archiver,1,6,True
decyjphr-actions/workflow-trigger,1,6,False
deep-symmetry/github-version-action,1,3,True
defenseunicorns/setup-zarf,1,2,False
defold/repository-dispatch,1,2,False
delgurth/get-package,1,2,False
danubetech/github-action-log-build-context,1,2,True
dark-mechanicum/aws-codebuild,1,1,True
springhgui/publish-nuget,1,2,True
sqlc-dev/setup-sqlc,1,8,True
snow-actions/eclint,1,1,True
snow-actions/git-config-user,1,2,True
sohelamin/aws-security-group-add-ip-action,1,1,True
somfic/bypass-branch-protection,1,4,True
sonatype-nexus-community/nexus-repo-github-action,1,1,True
sondrelg/container-retention-policy,1,2,True
sophos/factory-run-pipeline,1,4,True
juicedata/slack-notify-action,1,74,False
julb/action-copy-docker-tag,1,2,True
juliaregistries/tagbot,1,1,True
jupyter-naas/docker-smart-tag-action,1,1,True
jpetrucciani/prospector-check,1,3,True
jpoehnelt/verify-npm-files-action,1,1,True
jrandiny/apt-repo-action,1,3,True
jrmurr/direnv-nix-action,1,2,True
jmatsu/dg-upload-app-action,1,2,True
jmgilman/actions-generate-checksum,1,2,True
spraxdev/action-spigotmc,1,2,True
dcvz/ccache-action,1,3,False
ddollar/create-release,1,1,False
deadpikle/publish-nuget,1,9,False
deblockt/cucumber-report-annotations-action,1,1,True
deckhouse/backport-action,1,1,False
sterlingwes/gh-pages-deploy-action,1,1,True
steve9164/action-detect-and-tag-new-version,1,1,False
stalkerg/setup-msys2,1,5,False
starbelly/setup-beam,1,4,False
starburst997/github-action-benchmark,1,1,True
starubiquitous/command-output,1,1,True
action-pack/set-variable,1,2,True
actions-hub/gcloud,1,2,True
south-paw/action-netlify-cli,1,1,True
space-wizards/json-schema-validator,1,2,True
sparkfabrik/android-build-action,1,4,True
spenserblack/actions-msrv,1,3,True
spenserblack/actions-wiki,1,1,True
sphinx-toolbox/sphinx-action,1,1,False
install-pinned/build,1,3,False
install-pinned/pyupgrade,1,4,False
automattic/action-push-to-mirrors,1,1,True
steffenseckler/doxygen-action,1,2,False
stelynx/dart-full-coverage,1,2,True
darsvador/run-on-arch-action,1,1,True
darthbenro008/goimports-check-action,1,1,True
daspn/private-actions-checkout,1,24,True
datatheorem/datatheorem-mobile-secure-action,1,1,True
daun/playwright-report-summary,1,2,True
dave-mcconnell/helm-gh-pages-microservices,1,4,True
davi020/kubernetes-action,1,1,True
dawidd6/action-checkout-pr,1,8,True
dawidd6/action-docker-publish-changed,1,2,True
cytopia/docker-black,1,2,True
cytopia/shell-command-retry-action,1,2,True
dagger/dagger-action,1,3,True
stephanebour/actions-calver,1,2,True
danakim/gh-action-deploy-netlify,1,1,True
danger/kotlin,1,2,True
daniel-marynicz/postgresql-action,1,1,True
dansiegel/publish-nuget,1,2,True
dante-ev/latex-action,1,3,True
sudosubin/git-clone-action,1,1,True
sue445/setup-rbenv,1,4,False
sujimoshi/semantic-release-action,1,2,True
superfly/aur-releaser,1,1,False
surmon-china/create-release,1,1,True
stefanoeb/eslint-action,1,1,True
ax3l/sphinx-action,1,1,False
zmkfirmware/zephyr-west-action,1,2,True
zoexx/github-action-json-file-properties,1,1,True
zwaldowski/git-commit-action,1,1,False
zyborg/gh-action-buildnum,1,2,True
sv-tools/create-milestone-action,1,2,True
svrooij/secret-gate-action,1,1,True
swift-project/github-release,1,5,False
swiftwasm/setup-swiftwasm,1,3,True
swiftylab/setup-swift,1,1,True
syliuslabs/buildtestappaction,1,17,True
symbitic/install-cmake,1,5,True
strawberry-graphql/get-pr-info-action,1,7,False
sualeh/install-graphviz,1,9,True
sualeh/prepare-maven-build,1,57,True
sublimetext/syntax-test-action,1,1,True
submitty/action-pr-title,1,2,True
sudo-bot/action-docker-compose,1,2,True
dagger/dagger-for-github,1,16,True
daiyam/winget-releaser,1,5,False
damienaicheh/extract-version-from-tag-action,1,2,True
johno/actions-push-subdirectories,1,2,True
italia/publiccode-parser-action,1,2,True
iter8-tools/iter8,1,20,False
install-pinned/wheel,1,3,False
install-pinned/yesqa,1,7,False
int128/update-generated-files-action,1,2,True
integralist/setup-tinygo,1,1,True
inverse/edge-addon,1,11,True
iovxw/upload-release-asset,1,3,False
jonelantha/gatsby-s3-action,1,8,True
jontze/action-mdbook,1,1,True
tale/kubectl-action,1,4,True
tamasfe/auto-tag,1,5,True
tangerine-community/tangy-mkdocs-build-action,1,3,True
taptap21/docker-remote-deployment-action,1,9,True
suyash/actions-bazelisk,1,2,True
cyberman54/curl,1,3,True
artursouza/merge-branch,1,1,False
coparse-inc/action-electron-builder,1,1,True
correlatio-company/pull-request-comments,1,2,True
teleport-actions/setup,1,2,True
tendermint/workflow-run-cleanup-action,1,4,False
terradatum/semver-action,1,2,True
tespkg/actions-cache,1,3,True
textileio/cloudflare-update-dnslink,1,1,True
tferreira/matterfy,1,9,True
th0th/notify-discord,1,3,True
thatisuday/go-cross-build,1,3,True
sysdiglabs/scan-action,1,2,True
tagus/git-deploy,1,1,True
taichi/approved-event-action,1,2,True
taixw2/deploy-aliyun-oss,1,1,True
thundernerd/dotnet-project-version-updater,1,2,True
tibdex/autosquash,1,1,True
timangus/ccache-action,1,2,False
timdaub/hetzner-cloud-deploy-server-action,1,2,True
tdeboissiere/python-format-action,1,2,True
tecolicom/actions-use-apt-tools,1,2,True
telegramdesktop/winget-releaser,1,5,False
teleport-actions/auth,1,3,True
coursier/setup-action,1,1,True
crazy-max/docker-metadata-action,1,7,False
creepios/sftp-action,1,2,True
cross-the-world/scp-pipeline,1,1,True
cross-the-world/ssh-scp-ssh-pipelines,1,1,True
crustio/ipfs-crust-action,1,6,True
cschoel/release-notes-from-changelog,1,1,True
culshaw/read-package-node-version-actions,1,1,True
joseph-montanez/forward-event-action,1,3,True
josh146/sphinx-action,1,2,False
jgillis/delete-release-assets,1,7,False
jgillis/setup-build-matrix,1,4,False
jimdo/should-i-notify-action,1,1,True
jimschubert/beast-changelog-action,1,2,True
boneskull/nodejs-production-test-action,1,3,True
boostchicken-dev/actions-docker-extract,1,6,True
boredland/action-purge-workflow-runs,1,1,True
tjenkinson/release-drafter,1,2,False
tlylt/install-graphviz,1,2,True
thecapypara/mypy-check,1,1,False
thejeff77/action-push-tag,1,1,True
thepbone/github-actions-deploy-aur,1,5,True
therealwaldo/release-it,1,2,True
thomwiggers/cancel-workflow-action,1,54,False
toko-bifrost/ms-teams-deploy-card,1,1,True
tomasnorre/typo3-upload-ter,1,1,True
tomjschuster/cloudflare-pages-deploy-action,1,2,True
tonyhallett/addcommenttopullandissuesfrompushaction,1,1,True
tool3/bump,1,3,True
tor-actions/setup-tor,1,2,True
totaldebug/sphinx-publish-action,1,1,True
tinpotnick/webpreprocessor,1,3,True
tj-actions/docker-run,1,5,True
tj-actions/pg-restore,1,9,True
tj-actions/release-tagger,1,3,True
tj-actions/semver-diff,1,8,True
tj-actions/sync-release-version,1,8,True
tj-django/django-migration-fixer,1,19,True
jorelali/setup-elm,1,2,True
jorgelnjunior/render-deploy,1,2,True
triplespeeder/codepush-action,1,1,True
trollixx/code-sign-action,1,2,False
ttionya/repository-sync-hub,1,1,True
todogroup/repolinter-action,1,1,True
toilal/gh-action-nightly-merge,1,2,False
ariga/atlas-action,1,1,True
ariga/atlas-sync-action,1,1,True
arkane-systems/apt-repo-update,1,2,True
arnaudbarre/github-release,1,1,False
art049/mongodb-cluster-action,1,3,True
artemsbulgakov/buildozer-action,1,4,True
artilleryio/action-cli,1,3,True
codespell-project/sort-problem-matcher,1,1,True
codex-/await-remote-run,1,2,True
codex-/return-dispatch,1,2,True
toitlang/action-macos-sign-notarize,1,1,True
citizen-of-planet-earth/cf-cli-action,1,1,True
clausnz/github-action-download-maven-artifact,1,1,True
tuler/s3-check-action,1,2,True
turleypol/create-release,1,3,False
turtlequeue/setup-babashka,1,1,True
two-pack/redmine-plugin-test-action,1,2,True
udondan/cdk-nodejs,1,13,True
ueokande/setup-firefox,1,2,True
ueokande/setup-geckodriver,1,2,True
uibcdf/action-build-and-upload-conda-packages,1,6,True
uibcdf/action-sphinx-docs-to-gh-pages,1,2,True
ulises-jeremias/github-actions-aur-publish,1,3,True
travisj/build-number-action,1,2,True
treebeardtech/nbmake-action,1,2,True
treebeardtech/treebeard,1,2,True
trianguloy/action-validate-triple-t,1,1,True
benwoo1110/hangar-upload-action,1,1,True
benwoo1110/modrinth-upload-action,1,4,True
benwoo1110/semantic-release-action,1,5,True
bevry-actions/npm,1,1,True
jirevwe/typesense-github-action,1,1,True
jkroepke/setup-vals,1,16,True
jctaveras/heroku-deploy,1,1,True
jdno/setup-butler,1,6,True
jefchien/github-action-benchmark,1,2,True
usefulness/diffuse-action,1,6,True
tukasz/direct-merge-action,1,2,True
colmose/push-bot,1,4,True
computology/packagecloud-github-action,1,1,True
condenast/conventional-pull-request-action,1,1,True
connor-baer/action-sync-branch,1,1,True
consensys/kubernetes-action,1,4,True
vaultvulp/action-pipenv,1,2,True
vb-consulting/publish-nuget,1,2,False
vchernin/pkgbuild-action,1,2,False
veggiemonk/skip-commit,1,2,True
vemel/nextversion,1,2,True
ventureoo/pkgbuild-action,1,4,False
vgaidarji/android-github-actions-build,1,2,True
vidavidorra/github-app-token,1,2,False
vimeda/helm,1,1,True
unacast/actions-github-deployment-status,1,2,True
undergroundwires/bump-everywhere,1,2,True
unikraft/kraftkit,1,3,True
unlike-ltd/github-actions-cloudflare-pages,1,3,False
unlyed/github-action-await-vercel,1,1,True
unlyed/github-action-store-variable,1,6,True
unsignedapps/swift-create-xcframework,1,4,True
wangyucode/sftp-upload-action,1,42,True
wasabeef/import-asdf-tool-versions-action,1,2,True
vinnybabumanjaly/copyright-action,1,1,True
virtocommerce/jira-upload-build-info,1,1,False
virtuslab/scala-cli-setup,1,3,True
vlang/setup-v,1,2,True
vmactions/cf-tunnel,1,14,True
voxelum/create-release,1,2,False
cashstory/commitizen-action-pr,1,2,True
bullrich/commit-autotag,1,1,True
burdzwastaken/hadolint-action,1,14,False
burningalchemist/action-gh-nfpm,1,1,True
v7labs/update-linear-labels-action,1,1,True
vadz/action-gh-release,1,4,False
vadz/gha-setup-vsdevenv,1,1,False
valkyrienskies/minecraft-architectury-testing,1,2,True
jeking3/release-feedback,1,4,True
jacobtomlinson/gha-read-helm-chart,1,2,True
jakejarvis/hugo-build-action,1,1,True
jakoch/install-vulkan-sdk-action,1,2,True
jameshenry/nx-set-shas,1,4,True
jamesmortensen/chromedriver-matcher-action,1,1,True
isaacshelton/update-existing-release,1,3,True
island-is/cache,1,16,True
isoos/setup-dart,1,1,False
it-service/restore-nuget-packages,1,2,True
jenkinsci/jenkins-core-changelog-generator,1,1,True
jarrettmeyer/github-action-package-values,1,1,True
jashbook/check-branch-name,1,6,False
vweevers/additional-tags-action,1,2,True
walshydev/pr-labels,1,2,False
wangchucheng/algolia-uploader,1,1,True
christophwurst/setup-nextcloud,1,9,False
acefei/sync-repo-action,1,2,False
actboy168/setup-luamake,1,14,True
we-cli/coverage-badge-action,1,2,True
weaveworks/webfactory-ssh-agent,1,1,False
web3-storage/wrangler-action,1,4,False
webclipper/create-release,1,3,False
webclipper/upload-release-asset,1,2,False
weibye/action-internal-link-consistency,1,2,True
werwolv/steam-deploy,1,8,False
weseek/ghaction-docker-tags-by-semver,1,4,True
wesleimp/action-publish-hex,1,2,True
wez/upload-release-assets,1,16,False
voxpupuli/gha-build-and-publish-a-container,1,1,True
vufa/arch-makepkg-action,1,4,True
jegp/conda-package-publish-action,1,8,True
cgs-earth/sensorthings-action,1,1,True
chabad360/hugo-gh-pages,1,2,True
chaosaffe/split-tests,1,4,True
wolfv/provision-with-micromamba,1,2,False
wtfjoke/setup-tectonic,1,2,True
a-morrison/windows-git-crypt-unlock,1,2,True
aahmed-se/setup-maven,1,4,True
abhilash1in/aws-secrets-manager-action,1,2,True
ablelincoln/push-to-sftp,1,4,True
cobot/couchdb-action,1,1,True
cocogitto/cocogitto-action,1,6,True
codeboten/github-action-to-otlp,1,1,True
codeinwp/action-wordpress-theme-deploy,1,1,True
chipkent/action-cleanup-package,1,2,True
chlodalejandro/setup-geckodriver,1,6,False
christian-korneck/delete-run-artifacts-action,1,2,True
averycameronuofr/add-reviewer-gh-action,1,1,True
yookoala/upload-release-asset,1,1,False
yrashk/setup-docker-macos-action,1,2,False
yuichielectric/dive-action,1,2,True
zhicwu/action-maven-publish,1,1,False
yegor256/latexmk-action,1,7,True
yeouchien/sanitize-branch-name-action,1,3,True
yitsushi/devmapper-containerd-action,1,1,True
yogeshlonkar/wait-for-jobs,1,3,True
yakdriver/md-check-links,1,16,True
yakuhzi/action-release,1,2,True
yassineldeeb/has-changed-path,1,19,True
woile/github-push-action,1,2,False
jasongitmail/fast-webhook,1,5,True
jasonkarns/create-release,1,3,False
jasonmccreary/php-lint,1,2,False
h5bp/server-configs-test,1,74,False
hack-different/jekyll-action,1,1,False
hanabi1224/sccache-action,1,4,False
hashicorp/setup-packer,1,2,True
gotesttools/gotestfmt,1,2,False
bewuethr/mdl-action,1,1,True
bewuethr/release-tracker-action,1,2,True
beyarkay/update-existing-release,1,6,False
bitovi/github-actions-deploy-eks-helm,1,2,True
cardinalby/webext-buildtools-firefox-sign-xpi-action,1,5,True
zenato/docker-action,1,2,True
zenithalhourlyrate/nix-shell-action,1,4,True
zerotier/github-action,1,1,True
zhanghongtong/upload-release-asset,1,2,False
avakar/create-deployment,1,4,True
avarok-cybersecurity/gh-actions-deps,1,6,True
