action,replaced_by,raw_count,project_count,workflow_count
actions/setup-ruby,ruby/setup-ruby,457,282,363
erlef/setup-elixir,erlef/setup-beam,112,67,82
softprops/action-gh-release,ncipollo/release-action,44,33,37
warrenbuckley/Setup-MSBuild,microsoft/setup-msbuild,30,25,27
peaceiris/actions-gh-pages,actions/deploy-pages,22,22,22
nick-invision/retry,nick-fields/retry,144,21,38
actionshub/kitchen-dokken,actionshub/test-kitchen,20,20,20
engineerd/setup-kind,helm/kind-action,32,17,23
peaceiris/actions-gh-pages,actions/upload-pages-artifact,17,17,17
cachix/install-nix-action,DeterminateSystems/nix-installer-action,68,17,59
burrunan/gradle-cache-action,gradle/gradle-build-action,75,16,41
satackey/action-docker-layer-caching,jpribyl/action-docker-layer-caching,61,15,30
JamesIves/github-pages-deploy-action,peaceiris/actions-gh-pages,15,15,15
azure/docker-login,docker/login-action,16,15,16
elgohr/Publish-Docker-Github-Action,docker/build-push-action,23,15,17
imjasonh/setup-ko,ko-build/setup-ko,25,13,23
ncipollo/release-action,softprops/action-gh-release,21,12,13
peaceiris/actions-gh-pages,actions/configure-pages,11,11,11
JamesIves/github-pages-deploy-action,actions/deploy-pages,11,11,11
meeDamian/github-release,softprops/action-gh-release,10,10,10
marvinpinto/action-automatic-releases,softprops/action-gh-release,12,10,11
toolmantim/release-drafter,release-drafter/release-drafter,10,10,10
JamesIves/github-pages-deploy-action,actions/upload-pages-artifact,10,10,10
elgohr/Publish-Docker-Github-Action,docker/login-action,10,9,10
nanasess/setup-php,shivammathur/setup-php,16,9,13
actions-rs/install,baptiste0928/cargo-install,19,8,10
maxheld83/ghpages,peaceiris/actions-gh-pages,8,8,8
pascalgn/automerge-action,ahmadnassri/action-dependabot-auto-merge,7,7,7
peaceiris/actions-gh-pages,JamesIves/github-pages-deploy-action,8,7,7
jitterbit/get-changed-files,tj-actions/changed-files,13,6,12
maxheld83/ghpages,JamesIves/github-pages-deploy-action,6,6,6
DeLaGuardo/setup-graalvm,graalvm/setup-graalvm,8,6,7
numworks/setup-msys2,eine/setup-msys2,6,6,6
jaxxstorm/action-install-gh-release,GoTestTools/gotestfmt-action,33,6,27
ouuan/install-qt-action,jurplel/install-qt-action,14,6,8
ruby/setup-ruby,actions/setup-ruby,8,6,6
garronej/action-gh-release,softprops/action-gh-release,6,6,6
rhysd/github-action-benchmark,benchmark-action/github-action-benchmark,24,5,14
JamesIves/github-pages-deploy-action,actions/configure-pages,5,5,5
numworks/setup-msys2,msys2/setup-msys2,6,5,6
ncipollo/release-action,marvinpinto/action-automatic-releases,5,5,5
eine/setup-msys2,msys2/setup-msys2,5,5,5
docker/build-push-action,elgohr/Publish-Docker-Github-Action,5,5,5
brandedoutcast/publish-nuget,alirezanet/publish-nuget,12,5,5
microsoft/setup-msbuild,glennawatson/setup-msbuild,6,5,6
jurplel/install-qt-action,ouuan/install-qt-action,7,5,5
aliyun/acr-login,docker/login-action,14,5,14
marvinpinto/action-automatic-releases,svenstaro/upload-release-action,5,5,5
cachix/install-nix-action,nixbuild/nix-quick-install-action,6,4,6
softprops/action-gh-release,marvinpinto/action-automatic-releases,6,4,4
softprops/action-gh-release,mikepenz/action-gh-release,4,4,4
svenstaro/upload-release-action,ncipollo/release-action,4,4,4
tclindner/sentry-releases-action,getsentry/action-release,5,4,5
ayltai/setup-graalvm,graalvm/setup-graalvm,4,4,4
baptiste0928/cargo-install,actions-rs/install,8,4,5
rohith/publish-nuget,alirezanet/publish-nuget,6,4,4
pascalgn/npm-publish-action,JS-DevTools/npm-publish,4,4,4
marvinpinto/action-automatic-releases,ncipollo/release-action,4,4,4
fnkr/github-action-ghr,softprops/action-gh-release,6,4,5
meeDamian/github-release,marvinpinto/action-automatic-releases,4,4,4
brpaz/hadolint-action,hadolint/hadolint-action,4,4,4
actions/deploy-pages,peaceiris/actions-gh-pages,4,4,4
crazy-max/ghaction-github-pages,peaceiris/actions-gh-pages,4,4,4
crazy-max/ghaction-docker-buildx-bake,docker/bake-action,13,4,8
actions/upload-pages-artifact,peaceiris/actions-gh-pages,4,4,4
actions/upload-pages-artifact,JamesIves/github-pages-deploy-action,4,4,4
rohith/publish-nuget,brandedoutcast/publish-nuget,8,3,3
JamesIves/github-pages-deploy-action,crazy-max/ghaction-github-pages,3,3,3
plasmo-corp/bpp,PlasmoHQ/bpp,3,3,3
xt0rted/pull-request-comment-branch,alessbell/pull-request-comment-branch,3,3,3
seanmiddleditch/gha-setup-ninja,abdes/gha-setup-ninja,5,3,3
reactivecircus/android-emulator-runner,ReactiveCircus/android-emulator-runner,3,3,3
meeDamian/github-release,ncipollo/release-action,4,3,4
fiam/arm-none-eabi-gcc,carlosperate/arm-none-eabi-gcc-action,3,3,3
Xuanwo/sccache-action,mozilla-actions/sccache-action,4,3,3
actions/configure-pages,JamesIves/github-pages-deploy-action,3,3,3
johnwbyrd/update-release,svenstaro/upload-release-action,3,3,3
manusa/actions-setup-minikube,medyagh/setup-minikube,4,3,4
marvinpinto/action-automatic-releases,dciborow/action-github-releases,4,3,4
jlumbroso/free-disk-space,hirnidrin/free-disk-space,3,3,3
dsaltares/fetch-gh-release-asset,Legion2/download-release-action,9,3,3
crazy-max/ghaction-github-pages,actions/upload-pages-artifact,3,3,3
dorny/paths-filter,AurorNZ/paths-filter,5,3,5
docker/setup-buildx-action,docker/setup-qemu-action,6,3,5
docker/login-action,docker/setup-buildx-action,3,3,3
crazy-max/ghaction-docker-login,docker/login-action,3,3,3
asfernandes/delete-release-assets,mknejp/delete-release-assets,9,3,3
whywaita/setup-lxd,canonical/setup-lxd,3,3,3
xresloader/upload-to-github-release,softprops/action-gh-release,7,3,3
w9jds/firebase-action,FirebaseExtended/action-hosting-deploy,2,2,2
crazy-max/ghaction-github-pages,actions/deploy-pages,2,2,2
khan/pull-request-comment-trigger,shanegenschaw/pull-request-comment-trigger,5,2,3
crazy-max/ghaction-github-pages,JamesIves/github-pages-deploy-action,2,2,2
webbertakken/unity-builder,game-ci/unity-builder,2,2,2
chabad360/htmlproofer,anishathalye/proof-html,2,2,2
avsm/setup-ocaml,ocaml/setup-ocaml,4,2,4
ashutoshvarma/setup-ninja,seanmiddleditch/gha-setup-ninja,2,2,2
dominikh/staticcheck-action,golangci/golangci-lint-action,2,2,2
cachix/cachix-action,DeterminateSystems/magic-nix-cache-action,2,2,2
jwlawson/actions-setup-bazel,bazelbuild/setup-bazelisk,2,2,2
glennawatson/setup-msbuild,microsoft/setup-msbuild,2,2,2
ilharp/sign-android-release,r0adkll/sign-android-release,2,2,2
brandedoutcast/publish-nuget,rohith/publish-nuget,2,2,2
fossa-contrib/fossa-action,fossas/fossa-action,2,2,2
hkusu/apk-info-action,zhaobozhen/apk-info-action,2,2,2
JackMcKew/pyinstaller-action-windows,forensicmike/pyinstaller-action-windows,4,2,2
engineerd/setup-kind,container-tools/kind-action,3,2,3
docker/build-push-action,redhat-actions/buildah-build,25,2,24
docker/build-push-action,mr-smithers-excellent/docker-build-push,2,2,2
debianmaster/actions-k3s,engineerd/setup-kind,3,2,3
actions/configure-pages,peaceiris/actions-gh-pages,2,2,2
mknejp/delete-release-assets,asfernandes/delete-release-assets,8,2,2
ad-m/github-push-action,actions-js/push,2,2,2
anchore/scan-action,aquasecurity/trivy-action,8,2,2
actions/upload-pages-artifact,crazy-max/ghaction-github-pages,2,2,2
docker/build-push-action,docker/login-action,2,2,2
actions/deploy-pages,crazy-max/ghaction-github-pages,2,2,2
actions/configure-pages,crazy-max/ghaction-github-pages,2,2,2
depot/build-push-action,docker/build-push-action,2,2,2
jaxxstorm/action-install-gh-release,XAMPPRocky/get-github-release,3,2,3
crazy-max/ghaction-goreleaser,goreleaser/goreleaser-action,2,2,2
lukka/run-vcpkg,KomodoPlatform/run-vcpkg,6,2,2
lovasoa/upload-release-asset,softprops/action-gh-release,2,2,2
lannonbr/vsce-action,HaaLeo/publish-vscode-extension,2,2,2
mhausenblas/mkdocs-deploy-gh-pages,crazy-max/ghaction-github-pages,2,2,2
meeDamian/github-release,WithoutPants/github-release,2,2,2
marvinpinto/action-automatic-releases,ec-/action-automatic-releases,2,2,2
ReactiveCircus/android-emulator-runner,reactivecircus/android-emulator-runner,2,2,2
mvasigh/dispatch-action,peter-evans/repository-dispatch,2,2,2
mstksg/setup-stack,timbod7/setup-stack,4,2,4
n1hility/cancel-previous-runs,styfle/cancel-workflow-action,3,2,3
nelonoel/branch-name,tj-actions/branch-names,2,2,2
peaceiris/actions-gh-pages,crazy-max/ghaction-github-pages,2,2,2
MinoruSekine/setup-scoop,brechtm/setup-scoop,2,2,2
Microsoft/ps-rule,microsoft/ps-rule,2,2,2
vmactions/openbsd-vm,cross-platform-actions/action,2,2,2
r0adkll/sign-android-release,ilharp/sign-android-release,4,2,3
s0/git-publish-subdir-action,peaceiris/actions-gh-pages,2,2,2
skx/github-action-publish-binaries,xresloader/upload-to-github-release,3,2,3
shimataro/ssh-key-action,benoitchantre/setup-ssh-authentication-action,3,2,3
subosito/flutter-action,Gustl22/flutter-action,22,2,6
xresloader/upload-to-github-release,svenstaro/upload-release-action,7,2,5
DeterminateSystems/nix-installer-action,cachix/install-nix-action,2,2,2
Azure/docker-login,docker/login-action,4,2,2
Azure/container-scan,crazy-max/ghaction-container-scan,1,1,1
xresloader/upload-to-github-release,meeDamian/github-release,1,1,1
altinukshini/deployment-action,bobheadxi/deployments,1,1,1
alirezanet/publish-nuget,brandedoutcast/publish-nuget,1,1,1
alexwilson/enable-github-automerge-action,pascalgn/automerge-action,1,1,1
azure/webapps-deploy,Azure/functions-action,1,1,1
azure/container-scan,crazy-max/ghaction-container-scan,1,1,1
azohra/shell-linter,megastep/shell-linter,1,1,1
azohra/shell-linter,ludeeus/action-shellcheck,1,1,1
aws-actions/aws-codebuild-run-project,aws-actions/aws-codebuild-run-build,1,1,1
ashutoshvarma/action-cmake-build,lukka/run-cmake,1,1,1
aquasecurity/trivy-action,anchore/scan-action,2,1,1
appleboy/ssh-action,ponylang-main/ssh-action,1,1,1
appleboy/ssh-action,garygrossgarten/github-action-ssh,1,1,1
appleboy/scp-action,garygrossgarten/github-action-scp,3,1,1
appleboy/scp-action,burnett01/rsync-deployments,1,1,1
benchmark-action/github-action-benchmark,planetarium/github-action-benchmark,1,1,1
benc-uk/workflow-dispatch,Saviq/workflow-dispatch,1,1,1
battila7/get-version-action,martinbeentjes/npm-get-version-action,2,1,2
balena-io/balena-ci,balena-io/deploy-to-balena-action,1,1,1
appleboy/gh-pages-action,actions/upload-pages-artifact,1,1,1
anton-yurchenko/git-release,ncipollo/release-action,1,1,1
antifree/json-to-variables,maork-elementor/json-to-variables,1,1,1
ankane/setup-mysql,mirromutth/mysql-action,1,1,1
andstor/copycat-action,nkoppel/push-files-to-another-repository,1,1,1
amondnet/now-deployment,amondnet/vercel-action,1,1,1
ammaraskar/sphinx-action,sphinx-toolbox/sphinx-action,1,1,1
ammaraskar/sphinx-action,ericpre/sphinx-action,1,1,1
ammaraskar/sphinx-action,ax3l/sphinx-action,1,1,1
ammaraskar/sphinx-action,OdumInstitute/sphinx-action,1,1,1
altinukshini/deployment-status,bobheadxi/deployments,1,1,1
commitsar-app/release-notary,aevea/release-notary,1,1,1
clupprich/ruby-build-action,ruby/setup-ruby,1,1,1
cloudsmith-io/action,docker/login-action,1,1,1
cloudflare/wrangler-action,web3-storage/wrangler-action,1,1,1
casperdcl/deploy-pypi,pypa/gh-action-pypi-publish,1,1,1
c-py/action-dotenv-to-setenv,HatsuneMiku3939/direnv-action,7,1,1
burrunan/gradle-cache-action,nick-invision/retry,2,1,1
browser-actions/setup-geckodriver,ChlodAlejandro/setup-geckodriver,1,1,1
brandedoutcast/publish-nuget,nitz/publish-nuget,6,1,1
brandedoutcast/publish-nuget,drusellers/publish-nuget,32,1,1
bots-house/ghcr-delete-image-action,vlaurin/action-ghcr-prune,1,1,1
borales/actions-yarn,peaceiris/actions-gh-pages,1,1,1
blinkov/docs-release-action,diplodoc-platform/docs-release-action,1,1,1
debianmaster/actions-k3s,AbsaOSS/k3d-action,2,1,1
dawidd6/action-download-artifact,dsaltares/fetch-gh-release-asset,1,1,1
darrenjennings/algolia-docsearch-action,psi-4ward/algolia-docsearch-action,1,1,1
dante-ev/latex-action,xu-cheng/latex-action,1,1,1
danielchabr/pr-labels-checker,shioyang/check-pr-labels-on-push-action,1,1,1
danielchabr/pr-labels-checker,egmacke/action-check-label,1,1,1
daiyam/winget-releaser,vedantmgoyal2009/winget-releaser,2,1,2
cross-platform-actions/action,vmactions/openbsd-vm,1,1,1
cross-platform-actions/action,vmactions/freebsd-vm,1,1,1
crazy-max/ghaction-github-pages,actions/configure-pages,1,1,1
crazy-max/ghaction-chocolatey,Wandalen/wretry.action,1,1,1
crazy-max/docker-metadata-action,docker/metadata-action,2,1,1
diplodoc-platform/docs-release-action,blinkov/docs-release-action,1,1,1
devmasx/merge-branch,everlytic/branch-merge,1,1,1
devmasx/merge-branch,artursouza/merge-branch,1,1,1
alexellis/upload-assets,svenstaro/upload-release-action,1,1,1
alex-page/blazing-fast-gh-pages-deploy,peaceiris/actions-gh-pages,1,1,1
ahartikainen/python-wheels-manylinux-build,RalfG/python-wheels-manylinux-build,1,1,1
afc163/surge-preview,lxfu1/surge-preview,1,1,1
addnab/docker-run-action,rhaschke/docker-run-action,3,1,1
ad-m/github-push-action,github-actions-x/commit,1,1,1
actions/setup-ruby,peaceiris/actions-hugo,1,1,1
actions/deploy-pages,JamesIves/github-pages-deploy-action,1,1,1
debianmaster/actions-k3s,helm/kind-action,1,1,1
dorny/paths-filter,frouioui/paths-filter,65,1,65
docker/setup-qemu-action,docker/setup-buildx-action,2,1,2
docker/setup-buildx-action,docker/login-action,1,1,1
docker/setup-buildx-action,docker/build-push-action,1,1,1
docker/login-action,elgohr/Publish-Docker-Github-Action,1,1,1
docker/login-action,aliyun/acr-login,1,1,1
docker/login-action,Azure/docker-login,3,1,1
docker/build-push-action,macbre/push-to-ghcr,1,1,1
docker/build-push-action,docker/setup-buildx-action,1,1,1
docker/build-push-action,docker/bake-action,1,1,1
docker/build-push-action,depot/build-push-action,4,1,3
dlech/arm-none-eabi-gcc,fiam/arm-none-eabi-gcc,4,1,2
estroz/rerun-actions,operator-framework/rerun-actions,1,1,1
erlef/setup-beam,starbelly/setup-beam,2,1,1
erlef/setup-beam,erlef/setup-elixir,1,1,1
engineerd/setup-kind,nolar/setup-k3d-k3s,4,1,4
engineerd/setup-kind,debianmaster/actions-k3s,1,1,1
elgohr/Publish-Docker-Github-Action,jerray/publish-docker-action,1,1,1
elgohr/Publish-Docker-Github-Action,elgohr/Publish-Docker-GitHub-Action,4,1,1
elgohr/Publish-Docker-Github-Action,dawidd6/action-docker-publish-changed,1,1,1
elgohr/Github-Release-Action,softprops/action-gh-release,1,1,1
elgohr/Github-Release-Action,marvinpinto/action-automatic-releases,1,1,1
ecampidoglio/cake-action,cake-build/cake-action,1,1,1
ec-/action-automatic-releases,marvinpinto/action-automatic-releases,1,1,1
douglascamata/setup-docker-macos-action,yrashk/setup-docker-macos-action,1,1,1
douglascamata/setup-docker-macos-action,crazy-max/ghaction-setup-docker,1,1,1
dorny/paths-filter,tj-actions/changed-files,2,1,2
gaurav-nelson/github-action-markdown-link-check,YakDriver/md-check-links,3,1,2
garygrossgarten/github-action-scp,horochx/deploy-via-scp,1,1,1
garygrossgarten/github-action-scp,appleboy/scp-action,1,1,1
game-ci/unity-test-runner,jsm174/unity-test-runner,1,1,1
futuratrepadeira/changed-files,umani/changed-files,1,1,1
futuratrepadeira/changed-files,PreMiD/changed-files,1,1,1
fountainhead/action-wait-for-check,lewagon/wait-on-check-action,1,1,1
fossas/fossa-action,fossa-contrib/fossa-action,1,1,1
fnkr/github-action-ghr,ncipollo/release-action,1,1,1
fkirc/skip-duplicate-actions,styfle/cancel-workflow-action,1,1,1
filips123/action-gh-release,softprops/action-gh-release,1,1,1
fiam/arm-none-eabi-gcc,ryanwinter/arm-none-eabi-gcc,5,1,5
fiam/arm-none-eabi-gcc,dlech/arm-none-eabi-gcc,6,1,2
fabiocaccamo/create-matrix-action,CertainLach/create-matrix-action,2,1,2
etils-actions/pypi-auto-publish,pypa/gh-action-pypi-publish,1,1,1
helaili/jekyll-action,limjh16/jekyll-action-ts,1,1,1
hectorj2f/cosign-installer,sigstore/cosign-installer,1,1,1
haya14busa/action-workflow_run-status,Sibz/github-status-action,1,1,1
hanabi1224/sccache-action,mozilla-actions/sccache-action,2,1,2
gradle/gradle-build-action,Wandalen/wretry.action,2,1,1
goreleaser/goreleaser-action,go-semantic-release/action,1,1,1
google-github-actions/upload-cloud-storage,google-github-actions/setup-gcloud,1,1,1
google-github-actions/deploy-cloudrun,digitalocean/app_action,1,1,1
gleam-lang/setup-erlang,erlef/setup-beam,1,1,1
github-actions-x/commit,actions-js/push,1,1,1
getsentry/paths-filter,tj-actions/changed-files,1,1,1
getong/mariadb-action,mirromutth/mysql-action,1,1,1
gaurav-nelson/github-action-markdown-link-check,renefritze/github-action-markdown-link-check,1,1,1
gaurav-nelson/github-action-markdown-link-check,lycheeverse/lychee-action,1,1,1
helm/kind-action,container-tools/kind-action,1,1,1
helm/kind-action,AbsaOSS/k3d-action,3,1,2
helm/chart-releaser-action,stefanprodan/helm-gh-pages,1,1,1
actions-x/commit,github-actions-x/commit,2,1,2
actions-js/push,ad-m/github-push-action,1,1,1
act10ns/slack,8398a7/action-slack,1,1,1
acefei/sync-repo-action,xwings/sync-repo-action,1,1,1
abhinavsingh/setup-bazel,bazelbuild/setup-bazelisk,7,1,7
aarnott/nbgv,dotnet/nbgv,1,1,1
XAMPPRocky/get-github-release,jaxxstorm/action-install-gh-release,1,1,1
WerWolv/steam-deploy,game-ci/steam-deploy,1,1,1
WebFreak001/deploy-nightly,Anton-4/deploy-nightly,2,1,2
Wandalen/wretry.action,nick-fields/retry,2,1,2
Wandalen/wretry.action,Gottox/irc-message-action,6,1,3
jeffreytse/jekyll-deploy-action,peaceiris/actions-gh-pages,1,1,1
jefchien/github-action-benchmark,benchmark-action/github-action-benchmark,1,1,1
jbouter/aur-releaser,superfly/aur-releaser,1,1,1
jaywcjlove/create-tag-action,butlerlogic/action-autotag,1,1,1
jameshenry/nx-set-shas,nrwl/nx-set-shas,2,1,1
jakepartusch/wait-for-netlify-action,patrickedqvist/wait-for-vercel-preview,1,1,1
jakejarvis/s3-sync-action,kefranabg/s3-sync-action,1,1,1
ivanbakel/submodule-dependency,space-wizards/submodule-dependency,1,1,1
ipfs-shipyard/ipfs-github-action,web3-storage/add-to-web3,1,1,1
ilteoood/docker_buildx,docker/build-push-action,1,1,1
ilammy/msvc-dev-cmd,seanmiddleditch/gha-setup-vsdevenv,1,1,1
horochx/deploy-via-scp,noobly314/deploy-with-scp,1,1,1
horochx/deploy-via-scp,garygrossgarten/github-action-scp,1,1,1
katyo/publish-crates,xgreenx/publish-crates,1,1,1
k0kubun/action-slack,ruby/action-slack,10,1,10
julb/action-copy-docker-tag,akhilerm/tag-push-action,1,1,1
jsmrcaga/action-netlify-deploy,South-Paw/action-netlify-cli,1,1,1
jsm174/unity-test-runner,game-ci/unity-test-runner,1,1,1
johnwbyrd/update-release,ncipollo/release-action,3,1,3
johnwbyrd/update-release,Xotl/cool-github-releases,1,1,1
guyarb/golang-test-annotations,IsaacLambat/golang-test-annotations,2,1,1
jitterbit/get-changed-files,masesgroup/retrieve-changed-files,2,1,1
jitterbit/await-check-suites,lewagon/wait-on-check-action,1,1,1
jetli/wasm-bindgen-action,baptiste0928/cargo-install,1,1,1
jerray/publish-docker-action,docker/build-push-action,2,1,2
jenkey2011/vuepress-deploy,peaceiris/actions-gh-pages,1,1,1
jenkey2011/vuepress-deploy,crazy-max/ghaction-github-pages,1,1,1
marceloprado/has-changed-path,YassinEldeeb/has-changed-path,2,1,2
maork-elementor/json-to-variables,rgarcia-phi/json-to-variables,2,1,2
manusa/actions-setup-minikube,nolar/setup-k3d-k3s,4,1,2
magefile/mage-action,GeorgeMac/mage-action,1,1,1
machine-learning-apps/pr-comment,mshick/add-pr-comment,1,1,1
luxtorpeda-dev/upload-release-asset,softprops/action-gh-release,1,1,1
luxtorpeda-dev/create-release,softprops/action-gh-release,1,1,1
lukka/run-vcpkg,ilammy/msvc-dev-cmd,1,1,1
wangyoucao577/go-release-action,softprops/action-gh-release,1,1,1
lukka/run-cmake,ashutoshvarma/action-cmake-build,3,1,1
lpenz/ghaction-packagecloud,TykTechnologies/packagecloud-action,1,1,1
wangyoucao577/go-release-action,svenstaro/upload-release-action,1,1,1
lovasoa/setup-emscripten,justjake/setup-emscripten,1,1,1
web3-storage/wrangler-action,cloudflare/wrangler-action,2,1,1
lablup/sparse-checkout,snow-actions/sparse-checkout,1,1,1
ksm2/archive-action,edgarrc/action-7z,1,1,1
mirromutth/mysql-action,getong/mariadb-action,1,1,1
mirromutth/mysql-action,ankane/setup-mysql,1,1,1
mhausenblas/mkdocs-deploy-gh-pages,peaceiris/actions-gh-pages,1,1,1
webbertakken/unity-test-runner,game-ci/unity-test-runner,1,1,1
meeDamian/github-release,swift-project/github-release,1,1,1
meeDamian/github-release,svenstaro/upload-release-action,1,1,1
weseek/ghaction-docker-tags-by-semver,docker/metadata-action,1,1,1
mattes/cached-docker-build-action,docker/build-push-action,3,1,1
mattallty/jest-github-action,IgnusG/jest-report-action,1,1,1
matlab-actions/run-tests,matlab-actions/run-command,1,1,1
matlab-actions/run-command,matlab-actions/run-tests,1,1,1
marvinpinto/action-automatic-releases,skx/github-action-publish-binaries,1,1,1
marvinpinto/action-automatic-releases,meeDamian/github-release,1,1,1
xom9ikk/dotenv,falti/dotenv-action,1,1,1
marocchino/sticky-pull-request-comment,artursouza/sticky-pull-request-comment,8,1,1
marocchino/setup-terraform,hashicorp/setup-terraform,1,1,1
Ricky-Hao/action-release,opspresso/action-release,1,1,1
DrSkunk/gp-docker-action,docker/build-push-action,1,1,1
RalfG/python-wheels-manylinux-build,earwig/python-wheels-manylinux-build,3,1,1
RalfG/python-wheels-manylinux-build,ahartikainen/python-wheels-manylinux-build,1,1,1
myrotvorets/set-commit-status-action,ouzi-dev/commit-status-updater,1,1,1
vmactions/freebsd-vm,cross-platform-actions/action,1,1,1
mtsmachado8/heroku-deploy,jctaveras/heroku-deploy,1,1,1
ventureoo/pkgbuild-action,CachyOS/pkgbuild-action,2,1,1
mstksg/get-package,delgurth/get-package,2,1,1
mr-smithers-excellent/docker-build-push,docker/build-push-action,1,1,1
montudor/action-zip,thedoctor0/zip-release,1,1,1
montudor/action-zip,edgarrc/action-7z,1,1,1
montudor/action-zip,TheDoctor0/zip-release,1,1,1
mknejp/delete-release-assets,jgillis/delete-release-assets,7,1,1
jnanadarshan/mkdocs-build-action,Tangerine-Community/tangy-mkdocs-build-action,1,1,1
mizuka-wu/gitee-pages-action,yanglbme/gitee-pages-action,1,1,1
ncipollo/release-action,svenstaro/upload-release-action,6,1,4
ncipollo/release-action,jreleaser/release-action,1,1,1
ncipollo/release-action,jaywcjlove/create-tag-action,1,1,1
whoan/docker-build-with-cache-action,docker/build-push-action,1,1,1
UnicornGlobal/spellcheck-github-actions,rojopolis/spellcheck-github-actions,1,1,1
UnicornGlobal/spellcheck-github-actions,SFLScientific/spellcheck-github-actions,1,1,1
Toilal/gh-action-nightly-merge,robotology/gh-action-nightly-merge,1,1,1
Tlaster/android-sign,r0adkll/sign-android-release,1,1,1
Tlaster/android-sign,ilharp/sign-android-release,4,1,2
TheDoctor0/zip-release,thedoctor0/zip-release,2,1,1
SteffenSeckler/doxygen-action,mattnotmitt/doxygen-action,1,1,1
Sibz/github-status-action,myrotvorets/set-commit-status-action,4,1,1
Shopify/upload-to-release,ncipollo/release-action,1,1,1
Saionaro/extract-package-version,martinbeentjes/npm-get-version-action,1,1,1
Rory-Z/upload-release-asset,svenstaro/upload-release-action,1,1,1
Roang-zero1/github-upload-release-artifacts-action,svenstaro/upload-release-action,1,1,1
paulloz/godot-action,chickensoft-games/setup-godot,2,1,2
paulhatch/semantic-version,PaulHatch/semantic-version,3,1,2
papeloto/action-zip,thedoctor0/zip-release,1,1,1
papeloto/action-zip,quick-lint/action-zip,1,1,1
papeloto/action-zip,montudor/action-zip,2,1,1
pajlada/create-release,ncipollo/release-action,1,1,1
opsgang/ga-setup-minikube,medyagh/setup-minikube,2,1,1
opsgang/ga-setup-minikube,manusa/actions-setup-minikube,1,1,1
oleksiyrudenko/gha-git-credentials,fregante/setup-git-user,1,1,1
numworks/setup-msys2,stalkerg/setup-msys2,2,1,2
nolar/setup-k3d-k3s,manusa/actions-setup-minikube,1,1,1
nikeee/docfx-action,nunit/docfx-action,1,1,1
nikeee/docfx-action,MirageNet/setup-docfx,1,1,1
ngduc/vercel-deploy-action,amondnet/vercel-action,1,1,1
newrelic/repolinter-action,todogroup/repolinter-action,1,1,1
AbsaOSS/k3d-action,helm/kind-action,1,1,1
peter-evans/repository-dispatch,ponylang-main/repository-dispatch,2,1,1
peaceiris/actions-mdbook,jontze/action-mdbook,1,1,1
vedantmgoyal2009/winget-releaser,daiyam/winget-releaser,2,1,2
PeerXu/upload-asset,geofffranks/upload-asset,1,1,1
PeerXu/upload-asset,alexellis/upload-assets,1,1,1
PaulHatch/semantic-version,paulhatch/semantic-version,2,1,2
Passiverecords/chrome-extension-upload-action,mobilefirstllc/cws-publish,1,1,1
Mushus/golangci-linter,golangci/golangci-lint-action,1,1,1
MirageNet/unity-runner,MirrorNetworking/unity-runner,6,1,1
MirageNet/setup-docfx,nikeee/docfx-action,1,1,1
vchernin/pkgbuild-action,edlanglois/pkgbuild-action,1,1,1
uraimo/run-on-arch-action,darsvador/run-on-arch-action,1,1,1
MathieuSoysal/Javadoc-publisher.yml,JamesIves/github-pages-deploy-action,1,1,1
Legion2/download-release-action,XAMPPRocky/get-github-release,1,1,1
Klemensas/action-autotag,butlerlogic/action-autotag,3,1,1
peaceiris/actions-gh-pages,DenverCoder1/doxygen-github-pages-action,1,1,1
release-drafter/release-drafter,tjenkinson/release-drafter,1,1,1
release-drafter/release-drafter,lucacome/draft-release,1,1,1
redhat-actions/buildah-build,docker/build-push-action,2,1,1
reactivecircus/android-emulator-runner,emulator-wtf/run-tests,1,1,1
r0adkll/upload-google-play,kevin-david/promote-play-release,1,1,1
JS-DevTools/npm-publish,rxfork/npm-publish,2,1,1
JRubics/poetry-publish,pypa/gh-action-pypi-publish,1,1,1
r0adkll/sign-android-release,Tlaster/android-sign,1,1,1
qmk/setup-msys2,msys2/setup-msys2,1,1,1
qcastel/github-actions-maven-release,mg-smartrent/github-actions-maven-release,1,1,1
pypa/gh-action-pypi-publish,casperdcl/deploy-pypi,1,1,1
pypa/gh-action-pypi-publish,JRubics/poetry-publish,2,1,2
ponylang-main/repository-dispatch,peter-evans/repository-dispatch,4,1,1
pixta-dev/repository-mirroring-action,wearerequired/git-mirror-action,1,1,1
php-actions/phpunit,php-actions/phpstan,1,1,1
phil-opp/rust-problem-matchers,r7kamura/rust-problem-matchers,7,1,2
samuelmeuli/action-maven-publish,zhicwu/action-maven-publish,1,1,1
samuelmeuli/action-electron-builder,paneron/action-electron-builder,1,1,1
samuelmeuli/action-electron-builder,motrixapp/action-electron-builder,1,1,1
samuelmeuli/action-electron-builder,coparse-inc/action-electron-builder,1,1,1
s4u/setup-maven-action,s4u/maven-settings-action,1,1,1
s4u/maven-settings-action,awhitford/maven-settings-action,1,1,1
JCofman/vscodeaction,HaaLeo/publish-vscode-extension,1,1,1
s0/git-publish-subdir-action,cpina/github-action-push-to-another-repository,1,1,1
ryanwinter/arm-none-eabi-gcc,carlosperate/arm-none-eabi-gcc-action,1,1,1
russorat/influxdb-action,influxdata/influxdb-action,1,1,1
ruby/setup-ruby,supercharge/redis-github-action,1,1,1
rokroskar/workflow-run-cleanup-action,tendermint/workflow-run-cleanup-action,2,1,2
rokroskar/workflow-run-cleanup-action,styfle/cancel-workflow-action,1,1,1
rohith/publish-nuget,SpringHgui/publish-nuget,2,1,1
rohith/publish-nuget,Deadpikle/publish-nuget,3,1,1
release-drafter/release-drafter,toolmantim/release-drafter,1,1,1
softprops/action-gh-release,svenstaro/upload-release-action,1,1,1
softprops/action-gh-release,meatlink/action-gh-release,1,1,1
softprops/action-gh-release,garronej/action-gh-release,1,1,1
softprops/action-gh-release,WebFreak001/deploy-nightly,1,1,1
smartsquaregmbh/delete-old-packages,minish144/delete-untagged-action,1,1,1
IsaacShelton/update-existing-release,softprops/action-gh-release,1,1,1
skx/github-action-publish-binaries,softprops/action-gh-release,1,1,1
skx/github-action-publish-binaries,ncipollo/release-action,1,1,1
signcl/docsearch-scraper-action,algolia/algoliasearch-crawler-github-actions,1,1,1
shrink/actions-docker-extract,boostchicken-dev/actions-docker-extract,2,1,2
IsaacLambat/golang-test-annotations,guyarb/golang-test-annotations,2,1,1
shawnbot/action-status,Sibz/github-status-action,1,1,1
shalzz/zola-deploy-action,peaceiris/actions-gh-pages,1,1,1
seanmiddleditch/gha-setup-vsdevenv,vadz/gha-setup-vsdevenv,1,1,1
seanmiddleditch/gha-setup-vsdevenv,ilammy/msvc-dev-cmd,1,1,1
sbrunner/backport-action,camptocamp/backport-action,1,1,1
svenstaro/upload-release-action,xresloader/upload-to-github-release,1,1,1
svenstaro/upload-release-action,softprops/action-gh-release,1,1,1
svenstaro/upload-release-action,meeDamian/github-release,3,1,3
svenstaro/upload-release-action,marvinpinto/action-automatic-releases,1,1,1
suyash/actions-bazelisk,risc0/actions-bazelisk,1,1,1
supercharge/redis-github-action,nnhy/redis-github-action,1,1,1
sue445/setup-rbenv,masa-iwasaki/setup-rbenv,2,1,1
Irrational-Encoding-Wizardry/install-vapoursynth-action,rlaphoenix/install-vapoursynth-action,1,1,1
styfle/cancel-workflow-action,potiuk/cancel-workflow-runs,1,1,1
styfle/cancel-workflow-action,imgcook/cancel-workflow-action,1,1,1
r0adkll/sign-android-release,kevin-david/zipalign-sign-android-release,2,1,2
starbelly/setup-beam,erlef/setup-beam,2,1,1
stalkerg/setup-msys2,msys2/setup-msys2,2,1,2
sondrelg/container-retention-policy,snok/container-retention-policy,1,1,1
softprops/action-gh-release,vadz/action-gh-release,2,1,1
softprops/action-gh-release,udoprog/github-release,1,1,1
xgreenx/publish-crates,katyo/publish-crates,1,1,1
wolfv/provision-with-micromamba,mamba-org/provision-with-micromamba,1,1,1
wlixcc/SFTP-Deploy-Action,appleboy/scp-action,1,1,1
turleypol/create-release,marvinpinto/action-automatic-releases,1,1,1
tsunematsu21/actions-publish-gh-pages,peaceiris/actions-gh-pages,1,1,1
tsunematsu21/actions-publish-gh-pages,JamesIves/github-pages-deploy-action,2,1,2
trmcnvn/firefox-addon,yayuyokitano/firefox-addon,1,1,1
trmcnvn/chrome-addon,mobilefirstllc/cws-publish,1,1,1
treosh/lighthouse-ci-action,orta/lighthouse-ci-action,1,1,1
tony84727/changed-file-filter,dorny/paths-filter,3,1,1
tibdex/backport,Gaurav0/backport,1,1,1
thedoctor0/zip-release,papeloto/action-zip,1,1,1
thedoctor0/zip-release,TheDoctor0/zip-release,2,1,1
tendermint/workflow-run-cleanup-action,rokroskar/workflow-run-cleanup-action,2,1,2
telegramdesktop/winget-releaser,vedantmgoyal2009/winget-releaser,1,1,1
tdeboissiere/python-format-action,descriptinc/python-format-action,1,1,1
Guerra24/upload-to-release,xresloader/upload-to-github-release,1,1,1
GeorgeMac/mage-action,magefile/mage-action,2,1,1
Gaurav0/backport,sbrunner/backport-action,1,1,1
EndBug/version-check,PostHog/check-package-version,19,1,1
Elskom/publish-nuget,rohith/publish-nuget,1,1,1
yuichielectric/dive-action,030/dive-action,1,1,1
yshui/git-clang-format-lint,owncloud-ci/git-clang-format-lint,1,1,1
yrashk/setup-docker-macos-action,douglascamata/setup-docker-macos-action,1,1,1
xu-cheng/latex-action,OI-wiki/latex-action,1,1,1
xt0rted/pull-request-comment-branch,yanguoyu/pull-request-comment-branch,1,1,1
xt0rted/pull-request-comment-branch,gotson/pull-request-comment-branch,1,1,1
xt0rted/pull-request-comment-branch,dolthub/pull-request-comment-branch,1,1,1
xt0rted/dotnet-format,PluralKit/dotnet-format,1,1,1
InsonusK/get-latest-release,mindojo/get-latest-release,2,1,2
Akryum/release-tag,massCodeIO/release-tag,1,1,1
zkqiang/tencent-cos-action,mpflutter/cos-action,1,1,1
BetaHuhn/repo-file-sync-action,balazsorban44/repo-file-sync-action,1,1,1
Didstopia/SwiftAction,swiftwasm/swiftwasm-action,1,1,1
HighwayThree/jira-upload-build-info,VirtoCommerce/jira-upload-build-info,1,1,1
DerYeger/pnpm-setup-action,pnpm/action-setup,2,1,2
DenverCoder1/doxygen-github-pages-action,JamesIves/github-pages-deploy-action,1,1,1
Deadpikle/publish-nuget,rohith/publish-nuget,2,1,1
DeLaGuardo/setup-graalvm,ayltai/setup-graalvm,1,1,1
Consensys/kubernetes-action,davi020/kubernetes-action,1,1,1
BobAnkh/auto-generate-changelog,stefanzweifel/changelog-updater-action,1,1,1
HaaLeo/publish-vscode-extension,lannonbr/vsce-action,1,1,1
BSFishy/meson-build,bsfishy/meson-build,1,1,1
zhanghongtong/upload-release-asset,Rory-Z/upload-release-asset,1,1,1
zentered/vercel-preview-url,derrickmehaffy/vercel-preview-url,1,1,1
zenato/docker-action,docker/build-push-action,1,1,1
yuya-takeyama/docker-tag-from-github-ref-action,docker/metadata-action,2,1,1
stevenbenitez/get-package-version-action,martinbeentjes/npm-get-version-action,1,1,1
